id,dur,spkts,dpkts,sbytes,dbytes,rate,sttl,dttl,sload,dload,sloss,dloss,sinpkt,dinpkt,sjit,djit,swin,stcpb,dtcpb,dwin,tcprtt,synack,ackdat,smean,dmean,trans_depth,response_body_len,ct_srv_src,ct_state_ttl,ct_dst_ltm,ct_src_dport_ltm,ct_dst_sport_ltm,ct_dst_src_ltm,is_ftp_login,ct_ftp_cmd,ct_flw_http_mthd,ct_src_ltm,ct_srv_dst,is_sm_ips_ports,label
46464,0.630359,10,6,1582,268,23.795964,254,252,18072.24219,2842.824463,2,1,67.401111,110.464797,4020.770706,186.732438,255,2164391053,612381010,255,0.121889,0.078029,0.04386,158,45,1,0,1,1,1,1,1,1,0,0,1,1,1,0,1
53131,4e-06,2,0,200,0,250000.0006,254,0,200000000.0,0.0,0,0,0.004,0.0,0.0,0.0,0,0,0,0,0.0,0.0,0.0,100,0,0,0,14,2,4,4,4,4,0,0,0,11,14,0,1
55615,13.714951,8,6,364,268,0.947871,62,252,186.07431,130.660339,1,1,1959.258357,2729.9745,161569.7783,5420.989,255,1083019252,2103956775,255,0.118589,0.065075,0.053514,46,45,0,0,2,1,6,3,1,6,0,0,0,6,2,0,1
47880,0.481279,8,10,364,3754,35.322548,62,252,5302.537598,56167.00781,1,3,68.754145,48.016444,4669.090297,3974.129278,255,2394995067,4103048224,255,0.090098,0.045423,0.044675,46,375,0,0,1,1,2,1,1,2,0,0,0,2,1,0,1
18943,8e-06,2,0,114,0,125000.0003,254,0,57000000.0,0.0,0,0,0.008,0.0,0.0,0.0,0,0,0,0,0.0,0.0,0.0,57,0,0,0,34,2,16,16,16,34,0,0,0,16,34,0,1
20134,8e-06,2,0,114,0,125000.0003,254,0,57000000.0,0.0,0,0,0.008,0.0,0.0,0.0,0,0,0,0,0.0,0.0,0.0,57,0,0,0,31,2,7,7,7,31,0,0,0,7,31,0,1
58901,1.1e-05,2,0,114,0,200000.0051,254,0,91200000.0,0.0,0,0,0.005,0.0,0.0,0.0,0,0,0,0,0.0,0.0,0.0,57,0,0,0,18,2,11,11,8,11,0,0,0,11,18,0,1
22479,5e-06,2,0,114,0,200000.0051,254,0,91200000.0,0.0,0,0,0.005,0.0,0.0,0.0,0,0,0,0,0.0,0.0,0.0,57,0,0,0,32,2,20,20,20,32,0,0,0,20,32,0,1
45109,0.763792,12,14,602,940,32.731425,62,252,5781.678711,9143.850586,4,4,69.435636,55.05623,4063.551013,3315.275642,255,3499519788,2918940466,255,0.047392,0.047392,0.0,50,67,0,0,1,1,1,1,1,1,0,0,0,1,1,0,1
8790,0.92449,10,10,608,646,20.551872,254,252,4742.074219,5036.290527,1,4,7451.5429,7453.957,735893.1883,22081.702,255,2419238425,2996094669,255,0.190728,0.109768,0.08096,61,65,0,0,5,1,2,2,2,3,0,0,0,3,4,0,1
2354,0.869355,8,8,364,1234,17.254171,62,252,2935.509521,9938.402344,1,2,124.02571,113.407711,8441.565764,220.016297,255,3866574743,1334720724,255,0.103524,0.075493,0.028031,46,154,0,0,1,1,2,1,1,2,0,0,0,2,1,0,1
59484,1.1e-05,2,0,114,0,90909.0902,254,0,41454544.0,0.0,0,0,0.011,0.0,0.0,0.0,0,0,0,0,0.0,0.0,0.0,57,0,0,0,10,2,3,3,3,3,0,0,0,4,10,0,1
49122,3e-06,2,0,200,0,333333.3215,254,0,266666656.0,0.0,0,0,0.003,0.0,0.0,0.0,0,0,0,0,0.0,0.0,0.0,100,0,0,0,21,2,4,4,4,4,0,0,0,5,16,0,1
50504,1.126288,12,8,994,730,16.869574,254,252,6477.916504,4538.803223,3,2,91.117821,140.430141,4646.28036,162.790969,255,1978867292,1887701136,255,0.204128,0.143273,0.060855,83,91,0,0,2,1,1,1,1,1,0,0,0,1,2,0,1
62058,0.556217,22,10,17778,806,55.733642,254,252,244077.3906,10441.96777,8,2,25.835334,54.532332,1926.227979,84.771539,255,1889057083,2394052370,255,0.118084,0.065419,0.052665,808,81,0,0,4,1,2,2,1,2,0,0,0,2,4,0,1
50820,1.1e-05,2,0,78,0,90909.0902,254,0,28363636.0,0.0,0,0,0.011,0.0,0.0,0.0,0,0,0,0,0.0,0.0,0.0,39,0,0,0,9,2,3,2,1,3,0,0,0,4,8,0,1
46935,1.1e-05,2,0,200,0,90909.0902,254,0,72727272.0,0.0,0,0,0.011,0.0,0.0,0.0,0,0,0,0,0.0,0.0,0.0,100,0,0,0,7,2,5,4,4,5,0,0,0,8,7,0,1
61287,1.2e-05,2,0,114,0,83333.33039,254,0,38000000.0,0.0,0,0,0.012,0.0,0.0,0.0,0,0,0,0,0.0,0.0,0.0,57,0,0,0,7,2,3,3,3,3,0,0,0,4,7,0,1
1249,0.942261,12,8,1010,754,20.164265,254,252,7861.940918,5603.542969,3,2,80.086362,123.391289,3923.64771,159.505047,255,1205344423,2947932460,255,0.161394,0.078501,0.082893,84,94,0,0,5,1,1,1,1,5,0,0,0,1,5,0,1
7299,8e-06,2,0,200,0,125000.0003,254,0,100000000.0,0.0,0,0,0.008,0.0,0.0,0.0,0,0,0,0,0.0,0.0,0.0,100,0,0,0,6,2,2,2,2,7,0,0,0,10,6,0,1
7213,0.48778,10,6,1554,268,30.751568,254,252,22944.76953,3673.787354,2,1,49.246889,83.164203,2698.846968,123.178156,255,786168376,1615329154,255,0.145863,0.07195,0.073913,155,45,0,0,1,1,1,1,1,1,0,0,0,10,1,0,1
11677,0.1816,10,6,744,268,82.599117,254,252,29515.41797,9867.84082,2,1,18.391778,33.233398,1124.1663,53.522113,255,2273773899,3823538856,255,0.028084,0.015425,0.012659,74,45,1,0,2,1,1,1,1,1,0,0,1,1,1,0,1
62994,0.346612,12,8,2026,766,54.816335,254,252,42883.68359,15487.05762,3,2,30.311,44.339715,1533.242319,58.146324,255,762931373,2238026872,255,0.055727,0.036233,0.019494,169,96,0,0,6,1,3,2,1,2,0,0,0,2,8,0,1
17133,8e-06,2,0,114,0,125000.0003,254,0,57000000.0,0.0,0,0,0.008,0.0,0.0,0.0,0,0,0,0,0.0,0.0,0.0,57,0,0,0,10,2,12,10,10,14,0,0,0,12,10,0,1
15178,3e-06,2,0,114,0,333333.3215,254,0,152000000.0,0.0,0,0,0.003,0.0,0.0,0.0,0,0,0,0,0.0,0.0,0.0,57,0,0,0,17,2,8,8,8,17,0,0,0,8,17,0,1
62352,1.1e-05,2,0,114,0,90909.0902,254,0,41454544.0,0.0,0,0,0.011,0.0,0.0,0.0,0,0,0,0,0.0,0.0,0.0,57,0,0,0,13,2,3,3,3,3,0,0,0,3,13,0,1
46818,2.847489,158,40,185789,2546,69.183759,62,252,518671.6875,6975.970703,76,8,18.136873,71.373873,2003.23747,3712.560032,255,2889632463,104666757,255,0.131277,0.063212,0.068065,1176,64,0,0,2,1,1,1,1,1,0,0,0,1,1,0,1
8754,0.640628,10,14,814,7612,35.902272,62,252,9153.518555,88275.88281,2,4,71.180889,41.236539,4492.862873,3469.934526,255,3288484829,2408584583,255,0.161339,0.084865,0.076474,81,544,1,3244,1,1,1,1,1,1,0,0,1,1,1,0,1
6264,3e-06,2,0,200,0,333333.3215,254,0,266666656.0,0.0,0,0,0.003,0.0,0.0,0.0,0,0,0,0,0.0,0.0,0.0,100,0,0,0,6,2,2,2,2,7,0,0,0,10,6,0,1
17663,8e-06,2,0,114,0,125000.0003,254,0,57000000.0,0.0,0,0,0.008,0.0,0.0,0.0,0,0,0,0,0.0,0.0,0.0,57,0,0,0,16,2,16,16,8,16,0,0,0,16,16,0,1
6450,0.384967,10,6,1222,268,38.964379,254,252,22859.10156,4654.944336,2,1,42.667444,60.132602,2249.064318,94.845602,255,1443599081,268684093,255,0.156044,0.084297,0.071747,122,45,1,0,1,1,1,1,1,2,0,0,1,1,1,0,1
57797,1.1e-05,2,0,114,0,90909.0902,254,0,41454544.0,0.0,0,0,0.011,0.0,0.0,0.0,0,0,0,0,0.0,0.0,0.0,57,0,0,0,10,2,7,7,4,7,0,0,0,7,10,0,1
11103,0.871861,10,8,564,354,19.498521,254,252,4661.293457,2844.490234,2,1,92.692889,113.574,6289.847458,146.093391,255,2930553906,1130154890,255,0.137038,0.076824,0.060214,56,44,0,0,3,1,1,1,1,1,0,0,0,1,1,0,1
54625,1e-05,2,0,114,0,100000.0025,254,0,45600000.0,0.0,0,0,0.01,0.0,0.0,0.0,0,0,0,0,0.0,0.0,0.0,57,0,0,0,7,2,4,4,4,4,0,0,0,4,7,0,1
44756,1.875293,12,10,1110,806,11.19825,254,252,4342.788086,3097.115967,3,2,159.347278,197.429781,9559.569764,311.676688,255,2233883170,717902725,255,0.185896,0.098424,0.087472,93,81,0,0,5,1,1,1,1,1,0,0,0,1,1,0,1
56887,1.1e-05,2,0,114,0,90909.0902,254,0,41454544.0,0.0,0,0,0.011,0.0,0.0,0.0,0,0,0,0,0.0,0.0,0.0,57,0,0,0,9,2,4,3,3,3,0,0,0,3,9,0,1
60418,5e-06,2,0,114,0,200000.0051,254,0,91200000.0,0.0,0,0,0.005,0.0,0.0,0.0,0,0,0,0,0.0,0.0,0.0,57,0,0,0,8,2,5,4,4,4,0,0,0,6,8,0,1
3297,8e-06,2,0,200,0,125000.0003,254,0,100000000.0,0.0,0,0,0.008,0.0,0.0,0.0,0,0,0,0,0.0,0.0,0.0,100,0,0,0,7,2,4,3,3,7,0,0,0,6,7,0,1
17072,4e-06,2,0,114,0,250000.0006,254,0,114000000.0,0.0,0,0,0.004,0.0,0.0,0.0,0,0,0,0,0.0,0.0,0.0,57,0,0,0,39,2,11,11,11,39,0,0,0,12,39,0,1
61085,6e-06,2,0,114,0,166666.6608,254,0,76000000.0,0.0,0,0,0.006,0.0,0.0,0.0,0,0,0,0,0.0,0.0,0.0,57,0,0,0,3,2,3,3,3,3,0,0,0,4,3,0,1
7952,2.17229,24,22,1264,1634,20.715465,62,252,4463.492188,5745.088867,7,9,94.447393,99.271097,4915.352549,5483.111589,255,587410626,2795091536,255,0.105285,0.038325,0.06696,53,74,0,0,1,1,2,1,1,2,1,1,0,2,1,0,1
56811,7e-06,2,0,200,0,166666.6608,254,0,133333328.0,0.0,0,0,0.006,0.0,0.0,0.0,0,0,0,0,0.0,0.0,0.0,100,0,0,0,10,2,6,6,6,6,0,0,0,9,10,0,1
20152,9e-06,2,0,114,0,111111.1072,254,0,50666664.0,0.0,0,0,0.009,0.0,0.0,0.0,0,0,0,0,0.0,0.0,0.0,57,0,0,0,34,2,9,9,9,34,0,0,0,10,34,0,1
58044,1.1e-05,2,0,114,0,90909.0902,254,0,41454544.0,0.0,0,0,0.011,0.0,0.0,0.0,0,0,0,0,0.0,0.0,0.0,57,0,0,0,16,2,7,7,3,7,0,0,0,7,16,0,1
7700,8e-06,2,0,200,0,125000.0003,254,0,100000000.0,0.0,0,0,0.008,0.0,0.0,0.0,0,0,0,0,0.0,0.0,0.0,100,0,0,0,5,2,2,2,2,5,0,0,0,4,5,0,1
1358,0.756327,10,8,564,354,22.477051,254,252,5373.337402,3279.005127,2,1,81.904222,101.46357,6173.134322,143.617453,255,350578347,603067314,255,0.061882,0.046077,0.015805,56,44,0,0,6,1,2,1,1,8,0,0,0,2,6,0,1
12725,9e-06,2,0,114,0,111111.1072,254,0,50666664.0,0.0,0,0,0.009,0.0,0.0,0.0,0,0,0,0,0.0,0.0,0.0,57,0,0,0,39,2,1,1,1,39,0,0,0,1,39,0,1
2376,0.190928,10,6,772,268,78.563648,254,252,29120.92578,9385.737305,2,1,19.638333,36.925199,1056.441093,63.850305,255,445896635,62193092,255,0.051681,0.006301,0.04538,77,45,1,0,1,1,1,1,1,1,0,0,1,1,1,0,1
5777,2.170698,22,20,3393,1794,18.887934,254,252,11937.17481,6283.693359,8,8,103.366575,106.246055,5340.362453,148.4905,255,1960554254,3961411328,255,0.173379,0.102333,0.071046,154,90,0,0,1,1,4,1,1,10,0,0,0,4,1,0,1
18355,3e-06,2,0,114,0,333333.3215,254,0,152000000.0,0.0,0,0,0.003,0.0,0.0,0.0,0,0,0,0,0.0,0.0,0.0,57,0,0,0,30,2,16,16,16,30,0,0,0,16,30,0,1
57372,1.193826,14,12,810,682,20.941076,254,252,5045.961426,4194.916504,4,4,89.498151,100.292547,4638.974768,128.253492,255,3858049365,3574338041,255,0.1672,0.090597,0.076603,58,57,0,0,2,1,1,1,1,1,0,0,0,1,2,0,1
47803,1e-05,2,0,114,0,100000.0025,254,0,45600000.0,0.0,0,0,0.01,0.0,0.0,0.0,0,0,0,0,0.0,0.0,0.0,57,0,0,0,17,2,7,7,4,7,0,0,0,7,17,0,1
48475,2.309018,12,10,994,810,9.094776,254,252,3159.784912,2525.749268,3,2,206.273267,239.023,13565.2142,342.883219,255,1002392493,1513167152,255,0.222836,0.157801,0.065035,83,81,0,0,2,1,1,1,1,1,0,0,0,1,1,0,1
21304,9e-06,2,0,114,0,111111.1072,254,0,50666664.0,0.0,0,0,0.009,0.0,0.0,0.0,0,0,0,0,0.0,0.0,0.0,57,0,0,0,26,2,18,18,18,26,0,0,0,18,26,0,1
13539,9e-06,2,0,114,0,111111.1072,254,0,50666664.0,0.0,0,0,0.009,0.0,0.0,0.0,0,0,0,0,0.0,0.0,0.0,57,0,0,0,8,2,8,8,8,8,0,0,0,8,8,0,1
58990,1e-05,2,0,200,0,100000.0025,254,0,80000000.0,0.0,0,0,0.01,0.0,0.0,0.0,0,0,0,0,0.0,0.0,0.0,100,0,0,0,10,2,2,2,2,2,0,0,0,2,10,0,1
55373,3e-06,2,0,200,0,142857.1409,254,0,114285712.0,0.0,0,0,0.007,0.0,0.0,0.0,0,0,0,0,0.0,0.0,0.0,100,0,0,0,13,2,7,6,6,7,0,0,0,10,11,0,1
48692,1.2e-05,2,0,168,0,83333.33039,254,0,56000000.0,0.0,0,0,0.012,0.0,0.0,0.0,0,0,0,0,0.0,0.0,0.0,84,0,0,0,1,2,1,1,1,1,0,0,0,2,1,0,1
17435,1e-05,2,0,114,0,100000.0025,254,0,45600000.0,0.0,0,0,0.01,0.0,0.0,0.0,0,0,0,0,0.0,0.0,0.0,57,0,0,0,36,2,25,25,25,36,0,0,0,25,36,0,1
13012,8e-06,2,0,114,0,125000.0003,254,0,57000000.0,0.0,0,0,0.008,0.0,0.0,0.0,0,0,0,0,0.0,0.0,0.0,57,0,0,0,21,2,18,18,18,21,0,0,0,19,21,0,1
63737,1.229612,10,8,828,354,13.8255,254,252,4853.563477,2016.896362,2,1,134.706667,160.31,7655.687716,297.355594,255,1792527373,1326176586,255,0.190587,0.107437,0.08315,83,44,0,0,6,1,1,1,1,1,0,0,0,1,2,0,1
51929,6e-06,2,0,78,0,166666.6608,254,0,52000000.0,0.0,0,0,0.006,0.0,0.0,0.0,0,0,0,0,0.0,0.0,0.0,39,0,0,0,9,2,2,2,2,2,0,0,0,3,2,0,1
20961,9e-06,2,0,114,0,111111.1072,254,0,50666664.0,0.0,0,0,0.009,0.0,0.0,0.0,0,0,0,0,0.0,0.0,0.0,57,0,0,0,38,2,15,15,15,38,0,0,0,16,38,0,1
62859,7e-06,2,0,114,0,142857.1409,254,0,65142856.0,0.0,0,0,0.007,0.0,0.0,0.0,0,0,0,0,0.0,0.0,0.0,57,0,0,0,18,2,3,3,3,3,0,0,0,3,18,0,1
58618,2.912487,12,2,1576,96,4.463539,254,252,3969.116455,131.846085,6,1,264.771545,0.009,17610.16527,0.0,255,245934143,554933171,255,0.126381,0.073839,0.052542,131,48,1,0,1,1,1,1,1,1,0,0,1,2,1,0,1
7769,8e-06,2,0,200,0,125000.0003,254,0,100000000.0,0.0,0,0,0.008,0.0,0.0,0.0,0,0,0,0,0.0,0.0,0.0,100,0,0,0,7,2,3,3,3,7,0,0,0,12,7,0,1
60659,1e-05,2,0,114,0,100000.0025,254,0,45600000.0,0.0,0,0,0.01,0.0,0.0,0.0,0,0,0,0,0.0,0.0,0.0,57,0,0,0,14,2,3,3,3,3,0,0,0,3,14,0,1
64918,1.1e-05,2,0,168,0,90909.0902,254,0,61090908.0,0.0,0,0,0.011,0.0,0.0,0.0,0,0,0,0,0.0,0.0,0.0,84,0,0,0,2,2,1,1,1,1,0,0,0,1,1,0,1
1714,0.662481,10,8,564,354,25.661113,254,252,6134.515625,3743.503418,2,1,73.609,90.465141,5563.499145,142.579797,255,3596334607,4007490854,255,0.072083,0.017662,0.054421,56,44,0,0,2,1,1,1,1,2,0,0,0,1,1,0,1
14200,3e-06,2,0,114,0,333333.3215,254,0,152000000.0,0.0,0,0,0.003,0.0,0.0,0.0,0,0,0,0,0.0,0.0,0.0,57,0,0,0,36,2,36,36,16,36,0,0,0,36,36,0,1
56425,1.858315,14,12,868,594,13.453048,254,252,3469.810059,2346.211426,4,3,142.947313,160.978266,8262.777873,286.648281,255,3145200731,4204961705,255,0.138541,0.064554,0.073987,62,50,0,0,11,1,5,1,1,5,0,0,0,5,11,0,1
9981,0.988577,10,8,564,354,17.196435,254,252,4110.959473,2508.65625,2,1,105.492222,152.463,7821.088206,174.076797,255,3543334877,2319792524,255,0.111398,0.073794,0.037604,56,44,0,0,2,1,1,1,1,1,0,0,0,1,1,0,1
13657,9e-06,2,0,114,0,111111.1072,254,0,50666664.0,0.0,0,0,0.009,0.0,0.0,0.0,0,0,0,0,0.0,0.0,0.0,57,0,0,0,19,2,18,18,18,19,0,0,0,18,19,0,1
44122,59.873299,1074,422,450006,18146,24.969394,254,252,60071.78516,2418.841064,535,0,55.982567,142.402797,2722.815115,147.789625,255,381204486,930012124,255,0.072579,0.028824,0.043755,419,43,0,0,3,4,1,1,1,1,0,0,0,2,1,0,1
19246,8e-06,2,0,114,0,125000.0003,254,0,57000000.0,0.0,0,0,0.008,0.0,0.0,0.0,0,0,0,0,0.0,0.0,0.0,57,0,0,0,35,2,19,19,19,35,0,0,0,19,35,0,1
9775,0.69386,8,8,364,906,21.618194,62,252,3677.975342,9143.054688,1,2,99.122859,84.42243,6033.136755,180.970063,255,3503703118,2013930583,255,0.191469,0.090483,0.100986,46,113,0,0,1,1,3,1,1,2,0,0,0,2,1,0,1
18416,1e-05,2,0,114,0,100000.0025,254,0,45600000.0,0.0,0,0,0.01,0.0,0.0,0.0,0,0,0,0,0.0,0.0,0.0,57,0,0,0,28,2,17,17,17,28,0,0,0,17,28,0,1
62971,4e-06,2,0,210,0,250000.0006,254,0,210000000.0,0.0,0,0,0.004,0.0,0.0,0.0,0,0,0,0,0.0,0.0,0.0,105,0,0,0,15,2,5,5,1,5,0,0,0,6,12,0,1
49817,7e-06,2,0,200,0,142857.1409,254,0,114285712.0,0.0,0,0,0.007,0.0,0.0,0.0,0,0,0,0,0.0,0.0,0.0,100,0,0,0,8,2,4,4,4,4,0,0,0,4,9,0,1
45371,4e-06,2,0,576,0,250000.0006,254,0,576000000.0,0.0,0,0,0.004,0.0,0.0,0.0,0,0,0,0,0.0,0.0,0.0,288,0,0,0,15,2,4,4,1,4,0,0,0,4,15,0,1
18224,9e-06,2,0,114,0,111111.1072,254,0,50666664.0,0.0,0,0,0.009,0.0,0.0,0.0,0,0,0,0,0.0,0.0,0.0,57,0,0,0,20,2,20,20,20,20,0,0,0,20,20,0,1
21466,8e-06,2,0,114,0,125000.0003,254,0,57000000.0,0.0,0,0,0.008,0.0,0.0,0.0,0,0,0,0,0.0,0.0,0.0,57,0,0,0,27,2,18,18,18,27,0,0,0,19,27,0,1
57936,4e-06,2,0,114,0,250000.0006,254,0,114000000.0,0.0,0,0,0.004,0.0,0.0,0.0,0,0,0,0,0.0,0.0,0.0,57,0,0,0,17,2,7,7,4,7,0,0,0,7,17,0,1
64611,0.506733,10,8,804,1406,33.548239,62,252,11430.08203,19434.29688,2,2,56.289333,60.487855,3148.840556,79.997297,255,1337389696,1284803208,255,0.161731,0.083314,0.078417,80,176,0,0,5,1,1,1,1,1,0,0,0,2,1,0,1
11125,0.738765,10,10,808,1196,25.718598,62,252,7883.427246,11662.70703,2,2,82.085,70.165781,4967.08469,114.208469,255,17734597,1595159457,255,0.116946,0.078757,0.038189,81,120,1,787,9,1,4,4,4,9,0,0,16,4,9,0,1
10835,1.341609,10,8,862,2554,12.671352,62,252,4627.279785,13327.28125,2,2,148.972667,173.723281,8222.764008,276.879563,255,3528364751,1942595218,255,0.254223,0.125544,0.128679,86,319,1,860,3,1,1,2,1,1,0,0,1,2,1,0,1
47129,0.778648,10,8,1896,354,21.832715,254,252,17538.0918,3185.007812,2,1,83.101,95.38143,4571.343588,187.085844,255,2886830898,3930715862,255,0.1956,0.110968,0.084632,190,44,1,0,1,1,2,1,1,2,0,0,1,2,1,0,1
10280,0.88139,10,10,608,646,21.55686,254,252,4973.961914,5282.56543,2,3,97.932222,88.276336,5327.711188,134.167656,255,1859724270,2515269292,255,0.182519,0.072056,0.110463,61,65,0,0,3,1,1,1,1,2,0,0,0,3,2,0,1
54149,1e-05,2,0,114,0,100000.0025,254,0,45600000.0,0.0,0,0,0.01,0.0,0.0,0.0,0,0,0,0,0.0,0.0,0.0,57,0,0,0,9,2,4,4,4,4,0,0,0,5,9,0,1
45592,1.1e-05,2,0,1930,0,90909.0902,254,0,701818176.0,0.0,0,0,0.011,0.0,0.0,0.0,0,0,0,0,0.0,0.0,0.0,965,0,0,0,29,2,10,10,1,10,0,0,0,10,29,0,1
9264,0.712295,8,10,364,3754,23.866516,62,252,3582.785156,37950.57031,1,3,101.756431,71.505222,6355.14443,6143.689648,255,2349393882,3696087411,255,0.188509,0.068075,0.120434,46,375,0,0,1,1,2,1,1,2,0,0,0,2,1,0,1
46578,1.291302,34,170,2580,218718,157.205677,62,252,15519.2207,1347056.0,2,79,37.574909,7.602586,1988.81885,916.651344,255,3565459043,1729749572,255,0.051,0.006459,0.044541,76,1287,1,131015,1,3,1,1,1,1,0,0,1,1,1,0,1
55575,1.1e-05,2,0,324,0,90909.0902,254,0,117818184.0,0.0,0,0,0.011,0.0,0.0,0.0,0,0,0,0,0.0,0.0,0.0,162,0,0,0,2,2,2,2,1,2,0,0,0,2,2,0,1
47409,0.379929,10,6,546,268,39.48106,254,252,10359.83008,4716.670898,2,1,40.442,64.36,2062.614597,93.42507,255,1039475256,2407392149,255,0.082762,0.058119,0.024643,55,45,0,0,6,1,1,1,1,1,0,0,0,1,6,0,1
50472,0.870539,10,8,564,354,19.528131,254,252,4668.37207,2848.809814,2,1,96.726556,115.47543,6332.732806,191.413984,255,2650727515,3025357881,255,0.298789,0.041035,0.257754,56,44,0,0,1,1,1,1,1,1,0,0,0,1,2,0,1
46905,0.680223,10,6,628,268,22.051592,254,252,6656.640625,2634.430176,2,1,75.526556,97.240797,3709.255401,136.313953,255,2278231121,2681067214,255,0.232264,0.194013,0.038251,63,45,0,0,11,1,2,2,1,2,0,0,0,3,4,0,1
22652,9e-06,2,0,114,0,111111.1072,254,0,50666664.0,0.0,0,0,0.009,0.0,0.0,0.0,0,0,0,0,0.0,0.0,0.0,57,0,0,0,43,2,43,43,18,43,0,0,0,43,43,0,1
55403,59.722061,108,0,10908,0,1.791633,254,0,1447.639282,0.0,0,0,558.15,0.0,773.540313,0.0,0,0,0,0,0.0,0.0,0.0,101,0,0,0,1,2,1,1,1,1,0,0,0,1,1,0,1
43727,0.799244,10,8,564,354,21.270101,254,252,5084.805176,3102.932373,2,1,84.512444,101.745,5734.656785,141.565016,255,2062707701,3049194384,255,0.144078,0.087025,0.057053,56,44,0,0,1,1,1,1,1,1,0,0,0,1,1,0,1
64372,0.986493,10,6,2516,268,15.205379,254,252,18368.09766,1816.536011,2,1,104.587667,183.610797,5785.203621,306.17,255,3823227785,83845320,255,0.168025,0.068428,0.099597,252,45,0,0,17,1,1,1,1,1,0,0,0,3,2,0,1
60540,0.714658,10,8,564,354,23.787601,254,252,5686.635742,3470.191162,2,1,79.201667,99.203289,5752.407027,141.666641,255,1819867621,3734803951,255,0.03534,0.020231,0.015109,56,44,0,0,1,1,1,1,1,1,0,0,0,1,2,0,1
18985,8e-06,2,0,114,0,125000.0003,254,0,57000000.0,0.0,0,0,0.008,0.0,0.0,0.0,0,0,0,0,0.0,0.0,0.0,57,0,0,0,34,2,16,16,16,34,0,0,0,16,34,0,1
65769,0.711807,12,10,1064,842,29.502379,254,252,10969.26563,8519.163086,3,2,64.709729,74.517219,3721.267831,126.811703,255,1174181195,3061015522,255,0.103548,0.040322,0.063226,89,84,0,0,9,1,1,1,1,1,0,0,0,1,6,0,1
6919,3e-06,2,0,200,0,333333.3215,254,0,266666656.0,0.0,0,0,0.003,0.0,0.0,0.0,0,0,0,0,0.0,0.0,0.0,100,0,0,0,4,2,1,1,1,4,0,0,0,1,4,0,1
52671,0.752357,10,6,534,268,19.937343,254,252,5114.593262,2381.8479,2,1,80.376333,134.309203,4215.88773,221.60775,255,3892963721,2117034067,255,0.163988,0.080801,0.083187,53,45,0,0,7,1,1,1,1,1,0,0,0,1,4,0,1
51290,1.1e-05,2,0,114,0,90909.0902,254,0,41454544.0,0.0,0,0,0.011,0.0,0.0,0.0,0,0,0,0,0.0,0.0,0.0,57,0,0,0,10,2,7,7,3,7,0,0,0,7,10,0,1
60926,0.704506,10,8,1264,1050,24.130384,254,252,12922.53027,10435.68164,2,2,78.278444,94.32443,3908.241952,154.453797,255,2172285028,2809122173,255,0.188276,0.043542,0.144734,126,131,0,0,7,1,1,1,1,1,0,0,0,5,1,0,1
51787,1e-05,2,0,114,0,100000.0025,254,0,45600000.0,0.0,0,0,0.01,0.0,0.0,0.0,0,0,0,0,0.0,0.0,0.0,57,0,0,0,3,2,3,3,3,3,0,0,0,3,3,0,1
47499,0.970712,10,8,564,354,17.512918,254,252,4186.617676,2554.825684,2,1,104.565222,128.76057,7064.293779,186.384625,255,710816205,1256863757,255,0.14693,0.069381,0.077549,56,44,0,0,1,1,2,1,1,1,0,0,0,1,7,0,1
9863,1.479031,10,8,564,354,11.494012,254,252,2747.745117,1676.77356,2,1,164.336778,199.566281,11110.70611,295.913531,255,1595653186,1853581470,255,0.225309,0.08142,0.143889,56,44,0,0,4,1,2,2,1,1,0,0,0,3,4,0,1
62101,2e-06,2,0,168,0,500000.0013,254,0,336000000.0,0.0,0,0,0.002,0.0,0.0,0.0,0,0,0,0,0.0,0.0,0.0,84,0,0,0,1,2,1,1,1,1,0,0,0,1,1,0,1
64221,1.1e-05,2,0,114,0,90909.0902,254,0,41454544.0,0.0,0,0,0.011,0.0,0.0,0.0,0,0,0,0,0.0,0.0,0.0,57,0,0,0,3,2,4,3,3,3,0,0,0,3,3,0,1
52388,1.1e-05,2,0,200,0,250000.0006,254,0,200000000.0,0.0,0,0,0.004,0.0,0.0,0.0,0,0,0,0,0.0,0.0,0.0,100,0,0,0,9,2,7,6,6,6,0,0,0,13,9,0,1
7982,7e-06,2,0,200,0,142857.1409,254,0,114285712.0,0.0,0,0,0.007,0.0,0.0,0.0,0,0,0,0,0.0,0.0,0.0,100,0,0,0,9,2,4,4,4,9,0,0,0,13,9,0,1
8772,1.693794,18,18,2382,1432,20.66367,254,252,10627.03027,6390.387695,6,7,99.634941,93.145117,4832.420926,110.256805,255,1321627695,3495929408,255,0.188392,0.094259,0.094133,132,80,0,0,1,1,1,1,1,1,0,0,0,1,1,0,1
6461,5e-06,2,0,1098,0,200000.0051,254,0,878400000.0,0.0,0,0,0.005,0.0,0.0,0.0,0,0,0,0,0.0,0.0,0.0,549,0,0,0,5,2,1,1,1,4,0,0,0,2,4,0,1
10045,0.434787,10,12,816,8148,48.299512,62,252,13523.86328,137428.2031,2,4,48.309667,30.968909,2651.01791,2161.122787,255,1958732791,2955779644,255,0.129923,0.093528,0.036395,82,679,1,0,2,1,2,2,2,2,0,0,4,10,2,0,1
58487,3.5e-05,2,0,114,0,28571.42781,254,0,13028571.0,0.0,0,0,0.035,0.0,0.0,0.0,0,0,0,0,0.0,0.0,0.0,57,0,0,0,11,2,7,7,3,7,0,0,0,8,11,0,1
17378,9e-06,2,0,114,0,111111.1072,254,0,50666664.0,0.0,0,0,0.009,0.0,0.0,0.0,0,0,0,0,0.0,0.0,0.0,57,0,0,0,33,2,18,18,18,33,0,0,0,18,33,0,1
56094,3e-06,2,0,114,0,333333.3215,254,0,152000000.0,0.0,0,0,0.003,0.0,0.0,0.0,0,0,0,0,0.0,0.0,0.0,57,0,0,0,7,2,3,3,3,3,0,0,0,3,7,0,1
20769,8e-06,2,0,114,0,125000.0003,254,0,57000000.0,0.0,0,0,0.008,0.0,0.0,0.0,0,0,0,0,0.0,0.0,0.0,57,0,0,0,36,2,19,18,18,36,0,0,0,18,36,0,1
19931,3e-06,2,0,114,0,333333.3215,254,0,152000000.0,0.0,0,0,0.003,0.0,0.0,0.0,0,0,0,0,0.0,0.0,0.0,57,0,0,0,25,2,14,14,14,25,0,0,0,14,25,0,1
11009,9e-06,2,0,168,0,111111.1072,254,0,74666664.0,0.0,0,0,0.009,0.0,0.0,0.0,0,0,0,0,0.0,0.0,0.0,84,0,0,0,2,2,1,1,1,1,0,0,0,1,1,0,1
52104,3e-06,2,0,200,0,333333.3215,254,0,266666656.0,0.0,0,0,0.003,0.0,0.0,0.0,0,0,0,0,0.0,0.0,0.0,100,0,0,0,14,2,6,6,6,6,0,0,0,8,14,0,1
56535,1e-05,2,0,114,0,100000.0025,254,0,45600000.0,0.0,0,0,0.01,0.0,0.0,0.0,0,0,0,0,0.0,0.0,0.0,57,0,0,0,8,2,3,3,3,3,0,0,0,3,8,0,1
9220,1.712245,24,58,1292,58384,47.306315,62,252,5788.891113,268083.125,6,27,74.445436,28.312648,3834.78247,2368.616289,255,3146237755,4214283188,255,0.196524,0.078069,0.118455,54,1007,0,0,1,1,2,1,1,1,0,0,0,1,5,0,1
51813,2.831795,16,2,7488,96,6.003259,254,252,19831.94336,135.603043,11,1,188.786338,0.008,16782.4391,0.0,255,4004895652,4143884603,255,0.129986,0.067727,0.062259,468,48,0,0,2,1,1,1,1,1,0,0,0,2,2,0,1
11189,1.534596,18,0,2858,0,11.077834,254,0,14075.36621,0.0,0,0,90.270352,0.0,179.918469,0.0,0,0,0,0,0.0,0.0,0.0,159,0,0,0,1,2,1,1,1,1,0,0,0,1,1,0,1
59669,4e-06,2,0,114,0,250000.0006,254,0,114000000.0,0.0,0,0,0.004,0.0,0.0,0.0,0,0,0,0,0.0,0.0,0.0,57,0,0,0,10,2,3,3,3,3,0,0,0,5,10,0,1
11344,0.319194,12,12,704,652,72.056495,254,252,16190.78125,14987.75098,3,4,29.017636,28.196273,1459.087493,36.633934,255,1199612774,592217443,255,0.037037,0.008412,0.028625,59,54,0,0,1,1,1,1,1,1,0,0,0,1,1,0,1
21669,6e-06,2,0,114,0,166666.6608,254,0,76000000.0,0.0,0,0,0.006,0.0,0.0,0.0,0,0,0,0,0.0,0.0,0.0,57,0,0,0,10,2,10,10,10,10,0,0,0,10,10,0,1
46622,0.224732,10,8,820,1136,75.645659,62,252,26271.29297,35384.37109,2,2,24.970222,30.015143,1348.566733,53.789023,255,4255173316,3948857937,255,0.057024,0.009457,0.047567,82,142,1,169,1,1,1,1,1,1,0,0,1,1,1,0,1
44998,32.530132,24,16,2406,1434,1.198888,254,252,567.10498,330.770264,7,4,1414.304999,2162.873,200591.0648,7554.507,255,705888386,360574638,255,0.167543,0.087029,0.080514,100,90,0,0,4,1,3,2,2,2,0,0,0,2,5,0,1
52354,12.138748,272,54,338192,2484,26.773766,254,252,222065.0781,1606.755493,132,4,44.789473,227.849297,13903.71632,1010.735125,255,469746461,3125499063,255,0.119583,0.062732,0.056851,1243,46,0,0,1,1,1,1,1,1,0,0,0,1,1,0,1
59549,3e-06,2,0,114,0,333333.3215,254,0,152000000.0,0.0,0,0,0.003,0.0,0.0,0.0,0,0,0,0,0.0,0.0,0.0,57,0,0,0,12,2,7,7,4,7,0,0,0,7,12,0,1
13713,4e-06,2,0,114,0,250000.0006,254,0,114000000.0,0.0,0,0,0.004,0.0,0.0,0.0,0,0,0,0,0.0,0.0,0.0,57,0,0,0,25,2,25,25,25,25,0,0,0,25,25,0,1
48128,1.2e-05,2,0,200,0,83333.33039,254,0,66666664.0,0.0,0,0,0.012,0.0,0.0,0.0,0,0,0,0,0.0,0.0,0.0,100,0,0,0,19,2,6,6,6,6,0,0,0,6,18,0,1
15634,9e-06,2,0,114,0,111111.1072,254,0,50666664.0,0.0,0,0,0.009,0.0,0.0,0.0,0,0,0,0,0.0,0.0,0.0,57,0,0,0,37,2,37,37,22,37,0,0,0,37,37,0,1
45407,0.750237,28,20,15272,1864,62.646871,62,252,157038.375,18884.69922,11,8,27.786556,39.056316,1564.464027,45.14591,255,2079286198,419824021,255,0.053753,0.007393,0.04636,545,93,0,0,1,1,1,1,1,1,0,0,0,1,1,0,1
64182,1.900068,8,8,364,1258,7.894454,62,252,1343.109741,4635.623535,1,2,271.438295,251.753719,19284.57547,559.50075,255,3434712357,3246167936,255,0.24637,0.137296,0.109074,46,157,0,0,2,1,2,1,1,2,0,0,0,2,3,0,1
65184,1.097405,28,82,1468,88448,99.32523,62,252,10322.53418,636920.75,6,39,40.644629,13.445296,2091.696667,1207.421904,255,2715344232,3955832738,255,0.05152,0.007615,0.043905,52,1079,0,0,3,1,1,1,1,1,0,0,0,1,1,0,1
3196,3e-06,2,0,200,0,333333.3215,254,0,266666656.0,0.0,0,0,0.003,0.0,0.0,0.0,0,0,0,0,0.0,0.0,0.0,100,0,0,0,5,2,1,1,1,5,0,0,0,1,5,0,1
7581,8e-06,2,0,200,0,125000.0003,254,0,100000000.0,0.0,0,0,0.008,0.0,0.0,0.0,0,0,0,0,0.0,0.0,0.0,100,0,0,0,5,2,2,2,2,5,0,0,0,8,5,0,1
57994,4e-06,2,0,200,0,90909.0902,254,0,72727272.0,0.0,0,0,0.011,0.0,0.0,0.0,0,0,0,0,0.0,0.0,0.0,100,0,0,0,14,2,6,6,6,6,0,0,0,6,14,0,1
7868,3e-06,2,0,200,0,333333.3215,254,0,266666656.0,0.0,0,0,0.003,0.0,0.0,0.0,0,0,0,0,0.0,0.0,0.0,100,0,0,0,7,2,3,3,3,7,0,0,0,12,7,0,1
19591,8e-06,2,0,114,0,125000.0003,254,0,57000000.0,0.0,0,0,0.008,0.0,0.0,0.0,0,0,0,0,0.0,0.0,0.0,57,0,0,0,31,2,21,21,21,31,0,0,0,22,31,0,1
50670,1.2e-05,2,0,200,0,83333.33039,254,0,66666664.0,0.0,0,0,0.012,0.0,0.0,0.0,0,0,0,0,0.0,0.0,0.0,100,0,0,0,22,2,4,4,4,4,0,0,0,4,17,0,1
60843,1.1e-05,2,0,114,0,90909.0902,254,0,41454544.0,0.0,0,0,0.011,0.0,0.0,0.0,0,0,0,0,0.0,0.0,0.0,57,0,0,0,19,2,5,5,2,5,0,0,0,5,19,0,1
63012,1e-06,2,0,224,0,1000000.003,254,0,896000000.0,0.0,0,0,0.001,0.0,0.0,0.0,0,0,0,0,0.0,0.0,0.0,112,0,0,0,15,2,4,4,1,4,0,0,0,4,12,0,1
10704,59.478535,80,0,21760,0,1.32821,254,0,2890.185547,0.0,0,0,752.892875,0.0,1035.923438,0.0,0,0,0,0,0.0,0.0,0.0,272,0,0,0,1,2,1,1,1,1,0,0,0,2,1,0,1
59002,1e-05,2,0,200,0,100000.0025,254,0,80000000.0,0.0,0,0,0.01,0.0,0.0,0.0,0,0,0,0,0.0,0.0,0.0,100,0,0,0,10,2,2,2,2,2,0,0,0,2,10,0,1
45141,0.898335,10,8,858,354,18.923899,254,252,6883.846191,2760.662842,2,1,90.040222,114.831859,4963.867463,212.351141,255,1124919355,3281265734,255,0.155463,0.094502,0.060961,86,44,0,0,6,1,4,3,3,3,0,0,0,3,6,0,1
13957,9e-06,2,0,114,0,111111.1072,254,0,50666664.0,0.0,0,0,0.009,0.0,0.0,0.0,0,0,0,0,0.0,0.0,0.0,57,0,0,0,29,2,18,18,18,29,0,0,0,18,29,0,1
56715,3e-06,2,0,200,0,125000.0003,254,0,100000000.0,0.0,0,0,0.008,0.0,0.0,0.0,0,0,0,0,0.0,0.0,0.0,100,0,0,0,14,2,4,4,4,4,0,0,0,7,13,0,1
2120,2.360196,14,12,948,682,10.59234,254,252,2986.192627,2121.857666,4,4,175.591851,205.937,10583.09265,284.098375,255,107872913,3451025810,255,0.233013,0.094888,0.138125,68,57,0,0,1,1,1,1,1,1,0,0,0,1,1,0,1
45184,0.898335,10,8,858,354,18.923899,254,252,6883.846191,2760.662842,2,1,90.040222,114.831859,4963.867463,212.351141,255,1124919355,3281265734,255,0.155463,0.094502,0.060961,86,44,0,0,6,1,4,3,3,3,0,0,0,3,6,0,1
6979,9e-06,2,0,200,0,111111.1072,254,0,88888888.0,0.0,0,0,0.009,0.0,0.0,0.0,0,0,0,0,0.0,0.0,0.0,100,0,0,0,7,2,2,2,2,7,0,0,0,2,7,0,1
53694,1.1e-05,2,0,200,0,250000.0006,254,0,200000000.0,0.0,0,0,0.004,0.0,0.0,0.0,0,0,0,0,0.0,0.0,0.0,100,0,0,0,22,2,6,4,4,6,0,0,0,7,17,0,1
56614,0.708906,60,14,68199,612,102.975572,254,252,756805.5625,6421.161621,27,1,12.015356,52.076691,1292.181837,73.061883,255,993053250,1451774685,255,0.069274,0.024086,0.045188,1137,44,1,0,4,1,2,2,1,2,0,0,1,2,4,0,1
65011,0.81929,40,22,31053,1882,74.454712,62,252,295641.3438,17546.90039,17,8,21.007436,38.401906,1435.455909,45.266777,255,1730202203,1961639576,255,0.049515,0.005126,0.044389,776,86,0,0,2,1,1,1,1,1,0,0,0,1,2,0,1
54714,1.1e-05,2,0,114,0,90909.0902,254,0,41454544.0,0.0,0,0,0.011,0.0,0.0,0.0,0,0,0,0,0.0,0.0,0.0,57,0,0,0,11,2,4,4,2,4,0,0,0,4,11,0,1
45094,0.189445,10,6,928,268,79.178652,254,252,35303.12109,9459.209961,2,1,19.304,36.576199,1027.051742,61.884996,255,786353473,1583049505,255,0.051824,0.006544,0.04528,93,45,1,0,2,1,1,1,1,1,0,0,1,1,1,0,1
8469,5e-06,2,0,168,0,200000.0051,254,0,134400000.0,0.0,0,0,0.005,0.0,0.0,0.0,0,0,0,0,0.0,0.0,0.0,84,0,0,0,1,2,1,1,1,25,0,0,0,1,1,0,1
16001,3.6e-05,2,0,114,0,27777.7768,254,0,12666666.0,0.0,0,0,0.036,0.0,0.0,0.0,0,0,0,0,0.0,0.0,0.0,57,0,0,0,37,2,38,37,22,37,0,0,0,37,37,0,1
808,3e-06,2,0,168,0,333333.3215,254,0,224000000.0,0.0,0,0,0.003,0.0,0.0,0.0,0,0,0,0,0.0,0.0,0.0,84,0,0,0,2,2,1,1,1,1,0,0,0,1,1,0,1
5099,0.417348,10,6,840,268,35.941229,254,252,14491.50391,4293.778809,2,1,43.376667,73.191203,2234.751765,106.548375,255,1481867716,7465531,255,0.149815,0.051388,0.098427,84,45,0,0,2,1,1,1,1,1,0,0,0,2,1,0,1
19571,9e-06,2,0,114,0,111111.1072,254,0,50666664.0,0.0,0,0,0.009,0.0,0.0,0.0,0,0,0,0,0.0,0.0,0.0,57,0,0,0,30,2,25,25,25,30,0,0,0,25,30,0,1
44496,0.637989,10,6,558,268,23.511378,254,252,6307.318848,2808.825928,2,1,67.753111,107.599797,3472.176015,176.410141,255,1844946262,2080905999,255,0.190978,0.099982,0.090996,56,45,0,0,7,1,2,2,1,2,0,0,0,2,8,0,1
53951,3e-06,2,0,168,0,333333.3215,254,0,224000000.0,0.0,0,0,0.003,0.0,0.0,0.0,0,0,0,0,0.0,0.0,0.0,84,0,0,0,1,2,1,1,1,1,0,0,0,1,1,0,1
46652,0.303676,12,8,716,468,62.566681,254,252,17307.91992,10800.98535,3,2,26.611364,42.331285,1413.963773,60.265773,255,3498903188,2368167730,255,0.052709,0.007346,0.045363,60,59,0,0,1,1,1,1,1,1,0,0,0,1,1,0,1
48314,0.552731,12,12,2484,529,41.611563,254,252,32956.35938,7019.689941,3,3,50.248274,44.48991,3347.433564,89.658141,255,789425589,1469133825,255,0.1078,0.057784,0.050016,207,44,0,0,1,1,1,1,1,1,0,0,0,1,1,0,1
55793,3e-06,2,0,114,0,333333.3215,254,0,152000000.0,0.0,0,0,0.003,0.0,0.0,0.0,0,0,0,0,0.0,0.0,0.0,57,0,0,0,11,2,3,3,3,3,0,0,0,3,11,0,1
58091,1.1e-05,2,0,114,0,90909.0902,254,0,41454544.0,0.0,0,0,0.011,0.0,0.0,0.0,0,0,0,0,0.0,0.0,0.0,57,0,0,0,6,2,2,2,2,2,0,0,0,2,6,0,1
8281,5e-06,2,0,200,0,200000.0051,254,0,160000000.0,0.0,0,0,0.005,0.0,0.0,0.0,0,0,0,0,0.0,0.0,0.0,100,0,0,0,6,2,2,2,2,6,0,0,0,2,6,0,1
8752,8e-06,2,0,168,0,125000.0003,254,0,84000000.0,0.0,0,0,0.008,0.0,0.0,0.0,0,0,0,0,0.0,0.0,0.0,84,0,0,0,1,2,1,1,1,1,0,0,0,1,1,0,1
62838,0.658457,10,6,2516,268,22.780531,254,252,27518.88281,2721.51416,2,1,70.890444,108.187203,3882.348592,167.648172,255,2636702414,1621873424,255,0.237095,0.117511,0.119584,252,45,0,0,13,1,1,1,1,1,0,0,0,4,1,0,1
44100,0.356263,10,6,754,268,42.103725,254,252,15247.16211,5029.991699,2,1,37.381778,61.616199,1909.603113,95.334898,255,992363518,1345056378,255,0.105735,0.048175,0.05756,75,45,0,0,8,1,3,3,1,3,0,0,0,4,7,0,1
10629,0.908356,10,10,608,646,20.916909,254,252,4826.301758,5125.743652,2,3,100.928444,90.370219,5858.078278,153.728906,255,4076726640,4057632607,255,0.167686,0.081798,0.085888,61,65,0,0,6,1,1,1,1,3,0,0,0,2,3,0,1
3187,8e-06,2,0,200,0,125000.0003,254,0,100000000.0,0.0,0,0,0.008,0.0,0.0,0.0,0,0,0,0,0.0,0.0,0.0,100,0,0,0,4,2,2,2,2,4,0,0,0,11,4,0,1
1375,1e-05,2,0,1712,0,100000.0025,254,0,684800000.0,0.0,0,0,0.01,0.0,0.0,0.0,0,0,0,0,0.0,0.0,0.0,856,0,0,0,39,2,6,6,1,39,0,0,0,7,39,0,1
64305,0.342772,12,8,2030,762,55.430431,254,252,43434.11719,15567.19922,3,2,29.620454,41.406285,1532.176449,54.762176,255,3713822508,3423475289,255,0.091037,0.052925,0.038112,169,95,0,0,7,1,2,2,1,2,0,0,0,2,7,0,1
65391,1.1e-05,2,0,114,0,90909.0902,254,0,41454544.0,0.0,0,0,0.011,0.0,0.0,0.0,0,0,0,0,0.0,0.0,0.0,57,0,0,0,7,2,4,3,3,4,0,0,0,4,7,0,1
65490,4e-06,2,0,114,0,250000.0006,254,0,114000000.0,0.0,0,0,0.004,0.0,0.0,0.0,0,0,0,0,0.0,0.0,0.0,57,0,0,0,7,2,4,3,3,3,0,0,0,4,7,0,1
53456,15.499623,224,1386,10058,1927203,103.808975,62,252,5168.641602,993992.1875,2,691,69.504225,11.150227,5081.220969,2130.137376,255,2489876777,3897565226,255,0.117555,0.056554,0.061001,45,1390,0,0,2,1,6,3,1,6,0,0,0,6,3,0,1
5409,6e-06,2,0,200,0,166666.6608,254,0,133333328.0,0.0,0,0,0.006,0.0,0.0,0.0,0,0,0,0,0.0,0.0,0.0,100,0,0,0,5,2,1,1,1,5,0,0,0,15,5,0,1
11024,1.408271,26,24,3474,3168,34.794441,254,252,18979.30273,17246.68164,10,10,56.330841,59.637219,2918.469919,77.626102,255,2724308401,2998236088,255,0.069996,0.024143,0.045853,134,132,0,0,1,1,1,1,1,1,0,0,0,1,1,0,1
11701,9e-06,2,0,168,0,111111.1072,254,0,74666664.0,0.0,0,0,0.009,0.0,0.0,0.0,0,0,0,0,0.0,0.0,0.0,84,0,0,0,1,2,1,1,1,1,0,0,0,1,1,0,1
62489,1.1e-05,2,0,114,0,90909.0902,254,0,41454544.0,0.0,0,0,0.011,0.0,0.0,0.0,0,0,0,0,0.0,0.0,0.0,57,0,0,0,14,2,7,7,3,7,0,0,0,7,14,0,1
11827,0.199876,10,14,788,10954,115.071347,62,252,28417.61914,407132.4375,2,5,22.208444,14.445922,1159.603634,1465.098771,255,110978001,2973978931,255,0.052934,0.006995,0.045939,79,782,1,4958,1,1,1,1,1,1,0,0,1,1,1,0,1
18059,9e-06,2,0,114,0,111111.1072,254,0,50666664.0,0.0,0,0,0.009,0.0,0.0,0.0,0,0,0,0,0.0,0.0,0.0,57,0,0,0,38,2,21,21,12,38,0,0,0,21,38,0,1
1688,5e-06,2,0,200,0,200000.0051,254,0,160000000.0,0.0,0,0,0.005,0.0,0.0,0.0,0,0,0,0,0.0,0.0,0.0,100,0,0,0,6,2,2,2,2,6,0,0,0,2,6,0,1
22064,9e-06,2,0,114,0,111111.1072,254,0,50666664.0,0.0,0,0,0.009,0.0,0.0,0.0,0,0,0,0,0.0,0.0,0.0,57,0,0,0,31,2,25,25,25,31,0,0,0,28,31,0,1
19255,7e-06,2,0,114,0,142857.1409,254,0,65142856.0,0.0,0,0,0.007,0.0,0.0,0.0,0,0,0,0,0.0,0.0,0.0,57,0,0,0,43,2,43,43,25,43,0,0,0,43,43,0,1
56447,3e-06,2,0,200,0,125000.0003,254,0,100000000.0,0.0,0,0,0.008,0.0,0.0,0.0,0,0,0,0,0.0,0.0,0.0,100,0,0,0,14,2,4,4,4,4,0,0,0,7,13,0,1
16667,9e-06,2,0,114,0,111111.1072,254,0,50666664.0,0.0,0,0,0.009,0.0,0.0,0.0,0,0,0,0,0.0,0.0,0.0,57,0,0,0,27,2,25,25,25,27,0,0,0,26,27,0,1
50840,1.118774,10,10,608,646,16.982875,254,252,3918.574951,4161.698242,2,3,124.308222,116.135445,8069.270885,223.261297,255,2550703936,1651061210,255,0.132274,0.072441,0.059833,61,65,0,0,3,1,2,2,2,2,0,0,0,2,7,0,1
43806,2.091766,12,10,994,848,10.039363,254,252,3487.96167,2921.932861,3,2,187.108088,221.946219,12527.77759,299.8855,255,2134422947,1420081113,255,0.200073,0.094239,0.105834,83,85,0,0,1,1,1,1,1,1,0,0,0,1,2,0,1
59238,6e-06,2,0,200,0,90909.0902,254,0,72727272.0,0.0,0,0,0.011,0.0,0.0,0.0,0,0,0,0,0.0,0.0,0.0,100,0,0,0,10,2,6,4,4,5,0,0,0,12,10,0,1
10633,0.700309,10,10,608,646,27.130882,254,252,6260.09375,6648.494141,2,3,77.812111,69.106664,4056.961381,91.175375,255,3006952032,3452495016,255,0.130295,0.077617,0.052678,61,65,0,0,4,1,1,1,1,2,0,0,0,2,2,0,1
7247,8e-06,2,0,200,0,125000.0003,254,0,100000000.0,0.0,0,0,0.008,0.0,0.0,0.0,0,0,0,0,0.0,0.0,0.0,100,0,0,0,5,2,2,2,2,5,0,0,0,3,5,0,1
64467,0.537966,10,6,868,268,27.882802,254,252,11628.98731,3331.06543,2,1,59.045,106.083398,4965.759432,203.711813,255,2923193637,1183503916,255,0.038502,0.007538,0.030964,87,45,0,0,2,1,1,1,1,1,0,0,0,1,1,0,1
52421,1.1e-05,2,0,200,0,90909.0902,254,0,72727272.0,0.0,0,0,0.011,0.0,0.0,0.0,0,0,0,0,0.0,0.0,0.0,100,0,0,0,11,2,4,3,3,4,0,0,0,8,11,0,1
58300,1.1e-05,2,0,114,0,90909.0902,254,0,41454544.0,0.0,0,0,0.011,0.0,0.0,0.0,0,0,0,0,0.0,0.0,0.0,57,0,0,0,17,2,7,7,4,7,0,0,0,7,17,0,1
58308,7e-06,2,0,114,0,142857.1409,254,0,65142856.0,0.0,0,0,0.007,0.0,0.0,0.0,0,0,0,0,0.0,0.0,0.0,57,0,0,0,13,2,8,7,4,7,0,0,0,7,13,0,1
11646,0.193276,10,6,890,268,77.609221,254,252,33154.66016,9271.714844,2,1,19.712444,37.294602,1046.742839,62.682375,255,1475318182,633851318,255,0.053456,0.0068,0.046656,89,45,1,0,1,1,1,1,1,1,0,0,1,1,1,0,1
6120,0.231786,10,10,832,5336,81.972165,62,252,25851.43164,165773.6094,2,3,25.754,24.337778,1376.339946,2096.063514,255,2150004397,3349401917,255,0.053885,0.007358,0.046527,83,534,1,2224,1,1,1,1,1,1,0,0,1,1,1,0,1
248,9e-06,2,0,104,0,111111.1072,254,0,46222220.0,0.0,0,0,0.009,0.0,0.0,0.0,0,0,0,0,0.0,0.0,0.0,52,0,0,0,1,2,2,1,1,2,0,0,0,1,1,0,1
3348,5e-06,2,0,200,0,200000.0051,254,0,160000000.0,0.0,0,0,0.005,0.0,0.0,0.0,0,0,0,0,0.0,0.0,0.0,100,0,0,0,5,2,1,1,1,5,0,0,0,6,5,0,1
18398,9e-06,2,0,114,0,111111.1072,254,0,50666664.0,0.0,0,0,0.009,0.0,0.0,0.0,0,0,0,0,0.0,0.0,0.0,57,0,0,0,25,2,27,25,25,28,0,0,0,26,25,0,1
51868,1.1e-05,2,0,104,0,90909.0902,254,0,37818180.0,0.0,0,0,0.011,0.0,0.0,0.0,0,0,0,0,0.0,0.0,0.0,52,0,0,0,22,2,3,3,1,3,0,0,0,7,7,0,1
52663,4e-06,2,0,168,0,250000.0006,254,0,168000000.0,0.0,0,0,0.004,0.0,0.0,0.0,0,0,0,0,0.0,0.0,0.0,84,0,0,0,1,2,1,1,1,1,0,0,0,1,1,0,1
44967,0.453958,10,6,928,268,33.042704,254,252,14732.64063,3947.501709,2,1,46.731556,72.910398,2619.391795,107.456367,255,183362009,2170637333,255,0.135761,0.089395,0.046366,93,45,1,0,2,1,1,1,1,1,0,0,1,1,1,0,1
20585,8e-06,2,0,114,0,125000.0003,254,0,57000000.0,0.0,0,0,0.008,0.0,0.0,0.0,0,0,0,0,0.0,0.0,0.0,57,0,0,0,44,2,33,33,14,44,0,0,0,33,44,0,1
21051,9e-06,2,0,114,0,111111.1072,254,0,50666664.0,0.0,0,0,0.009,0.0,0.0,0.0,0,0,0,0,0.0,0.0,0.0,57,0,0,0,41,2,25,25,25,41,0,0,0,25,41,0,1
17364,4e-06,2,0,114,0,250000.0006,254,0,114000000.0,0.0,0,0,0.004,0.0,0.0,0.0,0,0,0,0,0.0,0.0,0.0,57,0,0,0,30,2,9,9,9,30,0,0,0,10,30,0,1
21612,8e-06,2,0,114,0,125000.0003,254,0,57000000.0,0.0,0,0,0.008,0.0,0.0,0.0,0,0,0,0,0.0,0.0,0.0,57,0,0,0,58,2,43,43,18,58,0,0,0,43,58,0,1
65113,1.1e-05,2,0,114,0,90909.0902,254,0,41454544.0,0.0,0,0,0.011,0.0,0.0,0.0,0,0,0,0,0.0,0.0,0.0,57,0,0,0,4,2,4,4,4,4,0,0,0,4,4,0,1
47289,1.081061,36,22,26514,1874,52.725979,62,252,190760.75,13238.8457,15,8,30.88363,49.214715,2034.34398,60.556426,255,647068243,2292177849,255,0.110257,0.04754,0.062717,737,85,0,0,1,1,1,1,1,1,0,0,0,3,1,0,1
14447,3e-06,2,0,114,0,333333.3215,254,0,152000000.0,0.0,0,0,0.003,0.0,0.0,0.0,0,0,0,0,0.0,0.0,0.0,57,0,0,0,42,2,32,32,19,42,0,0,0,32,42,0,1
54730,1.1e-05,2,0,114,0,90909.0902,254,0,41454544.0,0.0,0,0,0.011,0.0,0.0,0.0,0,0,0,0,0.0,0.0,0.0,57,0,0,0,23,2,3,3,1,3,0,0,0,3,23,0,1
18247,5e-06,2,0,114,0,200000.0051,254,0,91200000.0,0.0,0,0,0.005,0.0,0.0,0.0,0,0,0,0,0.0,0.0,0.0,57,0,0,0,36,2,25,25,25,36,0,0,0,25,36,0,1
16414,8e-06,2,0,114,0,125000.0003,254,0,57000000.0,0.0,0,0,0.008,0.0,0.0,0.0,0,0,0,0,0.0,0.0,0.0,57,0,0,0,37,2,22,22,22,37,0,0,0,22,37,0,1
3754,0.430334,10,6,1090,268,34.856646,254,252,18236.99805,4164.20752,2,1,41.510889,77.433203,1999.49828,96.266,255,2471229350,1772833475,255,0.114252,0.043164,0.071088,109,45,0,0,2,1,1,1,1,1,0,0,0,2,1,0,1
59056,0.881619,10,6,2516,268,17.014153,254,252,20553.0957,2032.624146,2,1,96.590889,149.721,5809.549776,273.146469,255,783932646,2232885344,255,0.237725,0.133005,0.10472,252,45,0,0,4,1,1,1,1,1,0,0,0,2,3,0,1
47058,6.889499,54,24,49836,2004,11.176429,62,252,56798.32422,2230.641113,23,8,129.990548,295.767812,20869.19869,928.0645,255,514436303,3875000696,255,0.176294,0.085955,0.090339,923,84,0,0,1,1,7,1,1,7,0,0,0,9,1,0,1
15524,3e-06,2,0,114,0,333333.3215,254,0,152000000.0,0.0,0,0,0.003,0.0,0.0,0.0,0,0,0,0,0.0,0.0,0.0,57,0,0,0,24,2,24,24,24,24,0,0,0,24,24,0,1
64809,4e-06,2,0,114,0,250000.0006,254,0,114000000.0,0.0,0,0,0.004,0.0,0.0,0.0,0,0,0,0,0.0,0.0,0.0,57,0,0,0,7,2,4,4,4,4,0,0,0,5,7,0,1
5932,8e-06,2,0,200,0,125000.0003,254,0,100000000.0,0.0,0,0,0.008,0.0,0.0,0.0,0,0,0,0,0.0,0.0,0.0,100,0,0,0,3,2,2,2,2,3,0,0,0,11,3,0,1
15841,3e-06,2,0,114,0,333333.3215,254,0,152000000.0,0.0,0,0,0.003,0.0,0.0,0.0,0,0,0,0,0.0,0.0,0.0,57,0,0,0,29,2,16,16,16,29,0,0,0,16,29,0,1
19484,9e-06,2,0,114,0,111111.1072,254,0,50666664.0,0.0,0,0,0.009,0.0,0.0,0.0,0,0,0,0,0.0,0.0,0.0,57,0,0,0,43,2,43,43,25,43,0,0,0,44,43,0,1
45593,0.634133,10,6,588,268,23.654345,254,252,6686.294922,2825.905762,2,1,62.881444,109.736,3319.851347,155.443406,255,2070536096,2788986392,255,0.162262,0.085451,0.076811,59,45,0,0,4,1,1,1,1,1,0,0,0,2,3,0,1
55036,2.160345,28,92,1440,101926,55.083793,62,252,5143.622559,373344.0625,6,44,80.012778,22.467428,4366.455257,2276.906159,255,250924610,256547686,255,0.168317,0.115119,0.053198,51,1108,0,0,2,1,1,1,1,1,0,0,0,1,1,0,1
1948,9e-06,2,0,168,0,111111.1072,254,0,74666664.0,0.0,0,0,0.009,0.0,0.0,0.0,0,0,0,0,0.0,0.0,0.0,84,0,0,0,2,2,1,1,1,1,0,0,0,1,2,0,1
7820,4e-06,2,0,200,0,250000.0006,254,0,200000000.0,0.0,0,0,0.004,0.0,0.0,0.0,0,0,0,0,0.0,0.0,0.0,100,0,0,0,9,2,3,3,3,10,0,0,0,9,9,0,1
50347,7e-06,2,0,1836,0,142857.1409,254,0,1049142848.0,0.0,0,0,0.007,0.0,0.0,0.0,0,0,0,0,0.0,0.0,0.0,918,0,0,0,11,2,4,4,1,4,0,0,0,5,11,0,1
14730,1e-06,2,0,114,0,1000000.003,254,0,456000000.0,0.0,0,0,0.001,0.0,0.0,0.0,0,0,0,0,0.0,0.0,0.0,57,0,0,0,25,2,25,25,25,25,0,0,0,26,25,0,1
17952,8e-06,2,0,114,0,125000.0003,254,0,57000000.0,0.0,0,0,0.008,0.0,0.0,0.0,0,0,0,0,0.0,0.0,0.0,57,0,0,0,24,2,19,18,18,26,0,0,0,19,24,0,1
45750,1.231256,10,8,564,354,13.807039,254,252,3300.69458,2014.203369,2,1,136.806222,159.285141,8120.750635,235.951516,255,3664383753,442249398,255,0.190082,0.115709,0.074373,56,44,0,0,1,1,1,1,1,1,0,0,0,1,1,0,1
14208,3e-06,2,0,114,0,333333.3215,254,0,152000000.0,0.0,0,0,0.003,0.0,0.0,0.0,0,0,0,0,0.0,0.0,0.0,57,0,0,0,31,2,13,13,13,31,0,0,0,13,31,0,1
7372,8e-06,2,0,200,0,125000.0003,254,0,100000000.0,0.0,0,0,0.008,0.0,0.0,0.0,0,0,0,0,0.0,0.0,0.0,100,0,0,0,9,2,4,3,3,10,0,0,0,4,9,0,1
14719,9e-06,2,0,114,0,111111.1072,254,0,50666664.0,0.0,0,0,0.009,0.0,0.0,0.0,0,0,0,0,0.0,0.0,0.0,57,0,0,0,30,2,18,18,18,30,0,0,0,18,30,0,1
59504,0.397814,12,6,3940,268,42.733538,254,252,72636.96094,4504.617676,3,1,35.359091,71.495797,2507.811345,127.295563,255,1468731639,3545124060,255,0.07858,0.040325,0.038255,328,45,0,0,2,1,1,1,1,1,0,0,0,1,1,0,1
18380,2e-06,2,0,114,0,500000.0013,254,0,228000000.0,0.0,0,0,0.002,0.0,0.0,0.0,0,0,0,0,0.0,0.0,0.0,57,0,0,0,36,2,36,36,21,36,0,0,0,37,36,0,1
18480,9e-06,2,0,114,0,111111.1072,254,0,50666664.0,0.0,0,0,0.009,0.0,0.0,0.0,0,0,0,0,0.0,0.0,0.0,57,0,0,0,27,2,18,18,18,27,0,0,0,18,27,0,1
6625,8e-06,2,0,180,0,125000.0003,254,0,90000000.0,0.0,0,0,0.008,0.0,0.0,0.0,0,0,0,0,0.0,0.0,0.0,90,0,0,0,10,2,10,10,10,10,0,0,0,10,10,0,1
46414,1.1e-05,2,0,168,0,90909.0902,254,0,61090908.0,0.0,0,0,0.011,0.0,0.0,0.0,0,0,0,0,0.0,0.0,0.0,84,0,0,0,1,2,1,1,1,1,0,0,0,1,1,0,1
20981,1e-06,2,0,114,0,1000000.003,254,0,456000000.0,0.0,0,0,0.001,0.0,0.0,0.0,0,0,0,0,0.0,0.0,0.0,57,0,0,0,31,2,14,14,14,31,0,0,0,15,31,0,1
5061,0.320614,12,12,1370,6908,71.737352,62,252,31339.86523,158021.7969,3,4,29.146727,27.691999,1531.278897,1821.417257,255,2679669318,523903603,255,0.0567,0.010288,0.046412,114,576,1,2629,2,1,1,1,1,1,0,0,1,1,1,0,1
13278,8e-06,2,0,114,0,125000.0003,254,0,57000000.0,0.0,0,0,0.008,0.0,0.0,0.0,0,0,0,0,0.0,0.0,0.0,57,0,0,0,23,2,5,5,5,23,0,0,0,5,23,0,1
63653,8e-06,2,0,114,0,125000.0003,254,0,57000000.0,0.0,0,0,0.008,0.0,0.0,0.0,0,0,0,0,0.0,0.0,0.0,57,0,0,0,14,2,7,7,4,7,0,0,0,8,14,0,1
50901,4e-06,2,0,114,0,250000.0006,254,0,114000000.0,0.0,0,0,0.004,0.0,0.0,0.0,0,0,0,0,0.0,0.0,0.0,57,0,0,0,7,2,5,5,2,5,0,0,0,5,7,0,1
65292,5e-06,2,0,1334,0,200000.0051,254,0,1067200000.0,0.0,0,0,0.005,0.0,0.0,0.0,0,0,0,0,0.0,0.0,0.0,667,0,0,0,2,2,1,1,1,1,0,0,0,1,1,0,1
59594,1.2e-05,2,0,114,0,83333.33039,254,0,38000000.0,0.0,0,0,0.012,0.0,0.0,0.0,0,0,0,0,0.0,0.0,0.0,57,0,0,0,9,2,3,3,3,3,0,0,0,3,9,0,1
5916,2e-06,2,0,200,0,500000.0013,254,0,400000000.0,0.0,0,0,0.002,0.0,0.0,0.0,0,0,0,0,0.0,0.0,0.0,100,0,0,0,7,2,1,1,1,7,0,0,0,1,7,0,1
23327,9e-06,2,0,114,0,111111.1072,254,0,50666664.0,0.0,0,0,0.009,0.0,0.0,0.0,0,0,0,0,0.0,0.0,0.0,57,0,0,0,39,2,39,39,17,39,0,0,0,39,39,0,1
59389,0.652331,10,8,564,354,26.06039,254,252,6229.966309,3801.750977,2,1,71.008556,92.131,5583.059897,140.777922,255,850830138,4144307207,255,0.051973,0.007406,0.044567,56,44,0,0,1,1,1,1,1,1,0,0,0,1,1,0,1
22831,8e-06,2,0,114,0,125000.0003,254,0,57000000.0,0.0,0,0,0.008,0.0,0.0,0.0,0,0,0,0,0.0,0.0,0.0,57,0,0,0,20,2,20,20,20,21,0,0,0,20,20,0,1
20065,8e-06,2,0,114,0,125000.0003,254,0,57000000.0,0.0,0,0,0.008,0.0,0.0,0.0,0,0,0,0,0.0,0.0,0.0,57,0,0,0,21,2,18,18,18,21,0,0,0,18,21,0,1
7393,3.451301,22,20,1838,1838,11.879578,254,252,4068.031006,4049.487305,6,8,164.322146,178.984844,9344.147977,12337.46832,255,423673434,1929881482,255,0.129063,0.050588,0.078475,84,92,0,0,1,1,2,1,1,2,1,1,0,3,1,0,1
1419,9e-06,2,0,156,0,111111.1072,254,0,69333328.0,0.0,0,0,0.009,0.0,0.0,0.0,0,0,0,0,0.0,0.0,0.0,78,0,0,0,1,2,1,1,1,63,0,0,0,1,1,0,1
59658,1.1e-05,2,0,114,0,90909.0902,254,0,41454544.0,0.0,0,0,0.011,0.0,0.0,0.0,0,0,0,0,0.0,0.0,0.0,57,0,0,0,9,2,1,1,1,1,0,0,0,1,9,0,1
19923,4e-06,2,0,114,0,250000.0006,254,0,114000000.0,0.0,0,0,0.004,0.0,0.0,0.0,0,0,0,0,0.0,0.0,0.0,57,0,0,0,43,2,18,18,18,43,0,0,0,18,43,0,1
48074,0.694599,10,8,564,354,24.474554,254,252,5850.85791,3570.405518,2,1,75.920222,95.417141,5606.283633,137.922516,255,2390176901,1052404360,255,0.064154,0.026676,0.037478,56,44,0,0,1,1,1,1,1,1,0,0,0,1,1,0,1
7743,8e-06,2,0,200,0,125000.0003,254,0,100000000.0,0.0,0,0,0.008,0.0,0.0,0.0,0,0,0,0,0.0,0.0,0.0,100,0,0,0,7,2,2,2,2,7,0,0,0,11,7,0,1
8213,0.596136,4,2,536,440,8.387348,254,60,5394.742188,2952.34668,0,0,198.712,0.008,281.009187,0.0,0,0,0,0,0.0,0.0,0.0,134,220,0,0,1,0,1,1,1,1,0,0,0,1,1,0,1
21159,9e-06,2,0,114,0,111111.1072,254,0,50666664.0,0.0,0,0,0.009,0.0,0.0,0.0,0,0,0,0,0.0,0.0,0.0,57,0,0,0,27,2,27,27,12,27,0,0,0,27,27,0,1
61953,6e-06,2,0,104,0,166666.6608,254,0,69333328.0,0.0,0,0,0.006,0.0,0.0,0.0,0,0,0,0,0.0,0.0,0.0,52,0,0,0,3,2,2,1,1,1,0,0,0,1,5,0,1
11812,0.448151,10,10,602,690,42.396425,62,252,9675.310547,11085.54981,1,3,49.794555,30.815,70.163992,1692.426333,255,158848246,992060022,255,0.0,0.0,0.0,60,69,0,0,2,1,4,2,2,4,2,2,0,4,2,0,1
15801,9e-06,2,0,114,0,111111.1072,254,0,50666664.0,0.0,0,0,0.009,0.0,0.0,0.0,0,0,0,0,0.0,0.0,0.0,57,0,0,0,43,2,43,43,18,43,0,0,0,43,43,0,1
4485,8e-06,2,0,200,0,125000.0003,254,0,100000000.0,0.0,0,0,0.008,0.0,0.0,0.0,0,0,0,0,0.0,0.0,0.0,100,0,0,0,4,2,2,2,2,4,0,0,0,11,4,0,1
60841,2.552408,10,8,534,354,6.660377,254,252,1507.595947,971.631531,2,1,283.600889,352.731,19165.66116,543.474625,255,215054139,412875246,255,0.135953,0.082939,0.053014,53,44,0,0,5,1,1,1,1,1,0,0,0,2,4,0,1
17319,4e-06,2,0,114,0,250000.0006,254,0,114000000.0,0.0,0,0,0.004,0.0,0.0,0.0,0,0,0,0,0.0,0.0,0.0,57,0,0,0,37,2,25,25,25,37,0,0,0,27,37,0,1
52599,0.537793,10,6,786,268,27.891773,254,252,10531.93359,3332.137207,2,1,52.135,90.422797,2658.631381,125.666539,255,1687757387,2743197223,255,0.160765,0.085675,0.07509,79,45,0,0,2,1,1,1,1,1,0,0,0,1,1,0,1
8612,1.079006,10,10,608,646,17.6088,254,252,4062.998779,4315.08252,2,3,119.889556,113.020891,7368.474707,193.046547,255,2972990009,4095391648,255,0.104132,0.045033,0.059099,61,65,0,0,2,1,1,1,1,1,0,0,0,2,1,0,1
11878,0.279108,10,8,780,978,60.908325,62,252,20121.24414,24535.30664,2,2,30.946111,34.995,1499.369473,52.301645,255,2187976192,2061131501,255,0.047769,0.034137,0.013632,78,122,1,75,1,1,1,1,1,1,0,0,1,1,1,0,1
62792,0.600485,10,8,760,354,28.310448,62,252,9112.633789,4129.994629,2,1,61.388444,78.68057,4103.584761,124.740437,255,4195878584,3018275409,255,0.109967,0.04971,0.060257,76,44,0,0,10,1,1,1,1,1,0,0,0,2,2,0,1
63085,6e-06,2,0,114,0,166666.6608,254,0,76000000.0,0.0,0,0,0.006,0.0,0.0,0.0,0,0,0,0,0.0,0.0,0.0,57,0,0,0,7,2,5,4,4,4,0,0,0,6,7,0,1
12220,8e-06,2,0,114,0,125000.0003,254,0,57000000.0,0.0,0,0,0.008,0.0,0.0,0.0,0,0,0,0,0.0,0.0,0.0,57,0,0,0,45,2,45,45,28,45,0,0,0,45,45,0,1
58430,3.5e-05,2,0,200,0,142857.1409,254,0,114285712.0,0.0,0,0,0.007,0.0,0.0,0.0,0,0,0,0,0.0,0.0,0.0,100,0,0,0,12,2,6,6,6,6,0,0,0,6,12,0,1
65821,0.36465,8,8,364,2192,41.135334,62,252,6998.491699,42078.70313,1,2,52.084999,50.427145,3507.117974,108.083141,255,1769145587,2207381392,255,0.060486,0.011654,0.048832,46,274,0,0,2,1,2,1,1,2,0,0,0,2,2,0,1
16298,9e-06,2,0,114,0,111111.1072,254,0,50666664.0,0.0,0,0,0.009,0.0,0.0,0.0,0,0,0,0,0.0,0.0,0.0,57,0,0,0,38,2,21,20,20,41,0,0,0,21,38,0,1
15115,9e-06,2,0,114,0,111111.1072,254,0,50666664.0,0.0,0,0,0.009,0.0,0.0,0.0,0,0,0,0,0.0,0.0,0.0,57,0,0,0,22,2,22,22,22,22,0,0,0,22,22,0,1
7725,1.377146,36,22,25876,1832,41.389947,62,252,146145.7188,10160.14258,15,8,39.347028,64.035953,3062.591947,104.427133,255,2076130308,3242695934,255,0.061893,0.029076,0.032817,719,83,0,0,1,1,1,1,1,1,0,0,0,2,1,0,1
558,1.122435,90,32,94429,2308,107.801345,62,252,665553.0625,15936.78027,42,8,12.61163,35.956355,1237.937501,49.153508,255,3925606830,1090038504,255,0.054311,0.007124,0.047187,1049,72,0,0,1,1,1,1,1,1,0,0,0,1,1,0,1
47209,0.65618,10,8,564,354,25.907524,254,252,6193.422363,3779.450684,2,1,72.908889,90.469141,5685.272618,138.929313,255,2257737765,3194401407,255,0.073602,0.022348,0.051254,56,44,0,0,1,1,1,1,1,1,0,0,0,1,1,0,1
745,1.028503,88,30,93934,2112,113.757575,62,252,722347.0,15883.28027,41,8,11.821873,34.598586,1019.991682,42.975703,255,1406522843,3577588387,255,0.058259,0.013038,0.045221,1067,70,0,0,1,1,1,1,1,1,0,0,0,1,1,0,1
54864,2.644522,28,26,5030,3274,20.041429,254,252,14674.86426,9526.107422,11,11,97.945259,102.743562,4797.072027,121.354898,255,677822866,4000959458,255,0.110246,0.075272,0.034974,180,126,0,0,2,1,1,2,1,1,0,0,0,2,1,0,1
17061,1e-05,2,0,114,0,100000.0025,254,0,45600000.0,0.0,0,0,0.01,0.0,0.0,0.0,0,0,0,0,0.0,0.0,0.0,57,0,0,0,36,2,19,19,19,36,0,0,0,19,36,0,1
56088,7e-06,2,0,200,0,142857.1409,254,0,114285712.0,0.0,0,0,0.007,0.0,0.0,0.0,0,0,0,0,0.0,0.0,0.0,100,0,0,0,14,2,5,5,5,5,0,0,0,5,13,0,1
5346,8e-06,2,0,200,0,125000.0003,254,0,100000000.0,0.0,0,0,0.008,0.0,0.0,0.0,0,0,0,0,0.0,0.0,0.0,100,0,0,0,5,2,2,2,2,5,0,0,0,5,5,0,1
52117,1.3e-05,2,0,1104,0,76923.07779,254,0,339692320.0,0.0,0,0,0.013,0.0,0.0,0.0,0,0,0,0,0.0,0.0,0.0,552,0,0,0,1,2,1,1,1,1,0,0,0,8,1,0,1
61570,0.64246,10,14,838,9812,35.799895,62,252,9401.363281,113463.875,2,5,71.384444,40.728846,3586.975962,3352.866308,255,270728763,3212201175,255,0.157627,0.088968,0.068659,84,701,0,0,1,1,1,1,1,1,0,0,0,4,1,0,1
51294,4e-06,2,0,200,0,90909.0902,254,0,72727272.0,0.0,0,0,0.011,0.0,0.0,0.0,0,0,0,0,0.0,0.0,0.0,100,0,0,0,14,2,4,4,4,4,0,0,0,8,14,0,1
64893,1.1e-05,2,0,114,0,90909.0902,254,0,41454544.0,0.0,0,0,0.011,0.0,0.0,0.0,0,0,0,0,0.0,0.0,0.0,57,0,0,0,5,2,1,1,1,1,0,0,0,1,5,0,1
58027,7e-06,2,0,114,0,142857.1409,254,0,65142856.0,0.0,0,0,0.007,0.0,0.0,0.0,0,0,0,0,0.0,0.0,0.0,57,0,0,0,12,2,7,7,4,7,0,0,0,7,12,0,1
17853,3e-06,2,0,114,0,333333.3215,254,0,152000000.0,0.0,0,0,0.003,0.0,0.0,0.0,0,0,0,0,0.0,0.0,0.0,57,0,0,0,33,2,22,22,11,33,0,0,0,22,33,0,1
1621,8e-06,2,0,180,0,125000.0003,254,0,90000000.0,0.0,0,0,0.008,0.0,0.0,0.0,0,0,0,0,0.0,0.0,0.0,90,0,0,0,10,2,10,10,10,10,0,0,0,10,10,0,1
56878,4e-06,2,0,114,0,250000.0006,254,0,114000000.0,0.0,0,0,0.004,0.0,0.0,0.0,0,0,0,0,0.0,0.0,0.0,57,0,0,0,9,2,4,4,4,4,0,0,0,8,9,0,1
1731,3e-06,2,0,180,0,333333.3215,254,0,239999984.0,0.0,0,0,0.003,0.0,0.0,0.0,0,0,0,0,0.0,0.0,0.0,90,0,0,0,10,2,10,10,10,10,0,0,0,10,10,0,1
61163,1.2e-05,2,0,114,0,83333.33039,254,0,38000000.0,0.0,0,0,0.012,0.0,0.0,0.0,0,0,0,0,0.0,0.0,0.0,57,0,0,0,18,2,7,7,3,7,0,0,0,7,18,0,1
45098,0.449904,14,12,686,844,55.567411,254,252,11326.86133,13762.93652,4,4,32.765076,40.35,1692.063045,47.524563,255,572553749,1666344137,255,0.050917,0.006043,0.044874,49,70,0,0,1,1,1,1,1,1,0,0,0,1,1,0,1
18403,9e-06,2,0,114,0,111111.1072,254,0,50666664.0,0.0,0,0,0.009,0.0,0.0,0.0,0,0,0,0,0.0,0.0,0.0,57,0,0,0,29,2,18,18,18,29,0,0,0,19,29,0,1
49258,0.314394,10,6,640,268,47.710835,254,252,14656.76856,5699.854492,2,1,32.246556,55.796199,1686.223367,86.19018,255,3988139089,4131315361,255,0.113725,0.035403,0.078322,64,45,0,0,15,1,3,2,1,3,0,0,0,3,10,0,1
9135,17.330788,28,0,12832,0,1.557921,254,0,5711.916016,0.0,0,0,641.881062,0.0,746.488812,0.0,0,0,0,0,0.0,0.0,0.0,458,0,0,0,1,2,1,1,1,1,0,0,0,2,1,0,1
59075,1.2e-05,2,0,114,0,83333.33039,254,0,38000000.0,0.0,0,0,0.012,0.0,0.0,0.0,0,0,0,0,0.0,0.0,0.0,57,0,0,0,13,2,3,2,1,2,0,0,0,2,13,0,1
22649,9e-06,2,0,114,0,111111.1072,254,0,50666664.0,0.0,0,0,0.009,0.0,0.0,0.0,0,0,0,0,0.0,0.0,0.0,57,0,0,0,43,2,43,43,25,43,0,0,0,43,43,0,1
12295,1e-06,2,0,114,0,1000000.003,254,0,456000000.0,0.0,0,0,0.001,0.0,0.0,0.0,0,0,0,0,0.0,0.0,0.0,57,0,0,0,33,2,14,14,5,34,0,0,0,14,33,0,1
65363,0.511503,14,6,7260,268,37.145434,254,252,105446.1094,3503.400879,4,1,36.138617,97.47,3055.212617,161.271484,255,980260581,462657240,255,0.073672,0.024152,0.04952,519,45,0,0,2,1,2,2,1,2,0,0,0,2,2,0,1
3226,7.200432,4,0,400,0,0.416642,254,0,333.313354,0.0,0,0,2400.144,0.0,3394.30925,0.0,0,0,0,0,0.0,0.0,0.0,100,0,0,0,6,2,4,3,3,6,0,0,0,13,6,0,1
53345,5e-06,2,0,114,0,200000.0051,254,0,91200000.0,0.0,0,0,0.005,0.0,0.0,0.0,0,0,0,0,0.0,0.0,0.0,57,0,0,0,16,2,3,3,1,3,0,0,0,3,16,0,1
61144,0.622548,10,6,868,268,24.094528,254,252,10049.02441,2878.49292,2,1,64.962889,95.279,3443.745712,148.426766,255,616359068,479277676,255,0.217572,0.146152,0.07142,87,45,0,0,2,1,3,1,1,1,0,0,0,1,5,0,1
20756,9e-06,2,0,114,0,111111.1072,254,0,50666664.0,0.0,0,0,0.009,0.0,0.0,0.0,0,0,0,0,0.0,0.0,0.0,57,0,0,0,41,2,16,16,8,41,0,0,0,16,41,0,1
47961,1.159102,12,10,1080,784,18.117474,254,252,6832.875977,4872.737793,3,2,102.039636,116.724219,6069.766153,178.944125,255,1379306328,564605096,255,0.19586,0.108583,0.087277,90,78,0,0,2,1,1,1,1,1,0,0,0,1,5,0,1
58476,8e-06,2,0,114,0,125000.0003,254,0,57000000.0,0.0,0,0,0.008,0.0,0.0,0.0,0,0,0,0,0.0,0.0,0.0,57,0,0,0,16,2,4,4,4,4,0,0,0,4,16,0,1
23066,8e-06,2,0,114,0,125000.0003,254,0,57000000.0,0.0,0,0,0.008,0.0,0.0,0.0,0,0,0,0,0.0,0.0,0.0,57,0,0,0,43,2,18,18,18,43,0,0,0,19,43,0,1
16180,3e-06,2,0,114,0,333333.3215,254,0,152000000.0,0.0,0,0,0.003,0.0,0.0,0.0,0,0,0,0,0.0,0.0,0.0,57,0,0,0,34,2,18,18,18,34,0,0,0,18,34,0,1
21349,8e-06,2,0,114,0,125000.0003,254,0,57000000.0,0.0,0,0,0.008,0.0,0.0,0.0,0,0,0,0,0.0,0.0,0.0,57,0,0,0,37,2,19,19,19,37,0,0,0,20,37,0,1
17964,1e-06,2,0,114,0,1000000.003,254,0,456000000.0,0.0,0,0,0.001,0.0,0.0,0.0,0,0,0,0,0.0,0.0,0.0,57,0,0,0,36,2,36,36,15,36,0,0,0,37,36,0,1
52118,0.482889,6,6,268,268,22.779562,254,252,3710.997803,3710.997803,0,1,74.298,96.577797,125.957102,132.210156,255,520628854,56802363,255,0.0,0.0,0.0,45,45,0,0,3,1,1,1,1,1,0,0,0,1,3,0,1
62178,4e-06,2,0,114,0,250000.0006,254,0,114000000.0,0.0,0,0,0.004,0.0,0.0,0.0,0,0,0,0,0.0,0.0,0.0,57,0,0,0,12,2,4,4,4,4,0,0,0,6,12,0,1
4042,6e-06,2,0,200,0,166666.6608,254,0,133333328.0,0.0,0,0,0.006,0.0,0.0,0.0,0,0,0,0,0.0,0.0,0.0,100,0,0,0,7,2,3,3,3,7,0,0,0,3,7,0,1
5358,3e-06,2,0,200,0,333333.3215,254,0,266666656.0,0.0,0,0,0.003,0.0,0.0,0.0,0,0,0,0,0.0,0.0,0.0,100,0,0,0,7,2,4,3,3,7,0,0,0,6,7,0,1
20724,9e-06,2,0,114,0,111111.1072,254,0,50666664.0,0.0,0,0,0.009,0.0,0.0,0.0,0,0,0,0,0.0,0.0,0.0,57,0,0,0,33,2,22,22,22,33,0,0,0,22,33,0,1
63045,1.039228,10,8,534,354,16.358297,254,252,3702.748779,2386.386963,2,1,113.129667,135.424422,6600.660138,231.041547,255,3205317656,1271248642,255,0.143266,0.09125,0.052016,53,44,0,0,6,1,2,1,1,2,0,0,0,2,6,0,1
18436,3e-06,2,0,114,0,333333.3215,254,0,152000000.0,0.0,0,0,0.003,0.0,0.0,0.0,0,0,0,0,0.0,0.0,0.0,57,0,0,0,26,2,26,26,11,26,0,0,0,26,26,0,1
58492,1e-05,2,0,114,0,100000.0025,254,0,45600000.0,0.0,0,0,0.01,0.0,0.0,0.0,0,0,0,0,0.0,0.0,0.0,57,0,0,0,16,2,4,4,2,4,0,0,0,4,16,0,1
58592,1.1e-05,2,0,114,0,90909.0902,254,0,41454544.0,0.0,0,0,0.011,0.0,0.0,0.0,0,0,0,0,0.0,0.0,0.0,57,0,0,0,8,2,7,7,3,7,0,0,0,7,8,0,1
9910,0.412376,10,6,906,268,36.374572,254,252,15830.21387,4345.548828,2,1,44.789667,80.780398,3162.504371,152.103391,255,2729937668,103183181,255,0.05035,0.008466,0.041884,91,45,1,0,1,1,1,1,1,1,0,0,1,6,1,0,1
44516,1.135401,96,18,118098,784,99.524308,254,252,823448.25,5221.062988,45,1,11.152052,63.47741,1204.89825,76.128273,255,1464760475,1162033770,255,0.129096,0.056281,0.072815,1230,44,1,0,2,1,4,1,1,1,0,0,1,1,1,0,1
49240,0.329279,8,10,380,586,51.62795,254,252,8090.40332,12828.02734,4,6,129.491625,110.451102,225.429578,200.683031,255,2742289610,4108628733,255,0.15296,0.068115,0.084845,48,59,0,0,6,1,4,2,2,4,0,0,0,5,6,0,1
53969,4e-06,2,0,200,0,142857.1409,254,0,114285712.0,0.0,0,0,0.007,0.0,0.0,0.0,0,0,0,0,0.0,0.0,0.0,100,0,0,0,15,2,6,6,6,6,0,0,0,11,15,0,1
49212,1.1e-05,2,0,114,0,142857.1409,254,0,65142856.0,0.0,0,0,0.007,0.0,0.0,0.0,0,0,0,0,0.0,0.0,0.0,57,0,0,0,23,2,14,14,8,14,0,0,0,14,23,0,1
59149,4e-06,2,0,114,0,250000.0006,254,0,114000000.0,0.0,0,0,0.004,0.0,0.0,0.0,0,0,0,0,0.0,0.0,0.0,57,0,0,0,10,2,5,5,3,5,0,0,0,5,10,0,1
49200,3e-06,2,0,200,0,90909.0902,254,0,72727272.0,0.0,0,0,0.011,0.0,0.0,0.0,0,0,0,0,0.0,0.0,0.0,100,0,0,0,21,2,4,4,4,4,0,0,0,5,16,0,1
8397,0.424446,10,10,756,4214,44.764235,62,252,12835.55566,71490.83594,2,3,47.160667,41.158889,2868.561787,3155.765169,255,3629507110,2661552476,255,0.065861,0.053247,0.012614,76,421,1,1663,1,1,1,1,1,1,0,0,1,2,1,0,1
52839,1e-05,2,0,114,0,100000.0025,254,0,45600000.0,0.0,0,0,0.01,0.0,0.0,0.0,0,0,0,0,0.0,0.0,0.0,57,0,0,0,14,2,7,7,4,7,0,0,0,7,14,0,1
11180,0.87724,170,30,212432,1414,226.84784,254,252,1925885.75,12466.37207,82,2,5.190769,30.028586,570.293269,38.745586,255,1518734110,25916662,255,0.050166,0.005674,0.044492,1250,47,0,0,2,1,1,1,1,1,0,0,0,1,1,0,1
6316,0.665543,10,8,564,354,25.543052,254,252,6106.291992,3726.280518,2,1,73.949222,92.77843,5438.167067,134.536375,255,2341775754,2897574200,255,0.061754,0.015005,0.046749,56,44,0,0,1,1,1,1,1,1,0,0,0,1,1,0,1
47482,2.102524,18,18,1006,3648,16.646659,62,252,3618.508057,13111.85938,6,7,123.650647,119.412352,6557.715056,154.547484,255,3800180964,1996212059,255,0.127191,0.072503,0.054688,56,203,0,0,6,1,1,1,1,1,0,0,0,3,1,0,1
19052,3e-06,2,0,114,0,333333.3215,254,0,152000000.0,0.0,0,0,0.003,0.0,0.0,0.0,0,0,0,0,0.0,0.0,0.0,57,0,0,0,26,2,14,14,14,26,0,0,0,14,26,0,1
46795,0.781731,42,22,33701,1766,80.590381,62,252,336678.4688,17254.01758,18,8,19.06661,36.232332,1307.406809,43.28218,255,2292765284,1867872076,255,0.056784,0.006326,0.050458,802,80,0,0,1,1,1,1,1,1,0,0,0,1,1,0,1
16458,9e-06,2,0,114,0,111111.1072,254,0,50666664.0,0.0,0,0,0.009,0.0,0.0,0.0,0,0,0,0,0.0,0.0,0.0,57,0,0,0,50,2,43,43,25,50,0,0,0,43,50,0,1
1522,1.212039,20,20,2724,1858,32.177183,62,252,17081.95898,11656.39063,7,8,63.791528,59.415316,3080.432975,68.897141,255,2302651151,2847967659,255,0.104709,0.082496,0.022213,136,93,0,0,1,1,1,1,1,2,0,0,0,2,1,0,1
9051,17.330788,28,0,12832,0,1.557921,254,0,5711.916016,0.0,0,0,641.881062,0.0,746.488812,0.0,0,0,0,0,0.0,0.0,0.0,458,0,0,0,1,2,1,1,1,1,0,0,0,2,1,0,1
48535,0.339935,10,6,534,268,44.126082,254,252,11319.81055,5271.596191,2,1,35.767778,59.955602,1788.600686,92.613977,255,1723478545,1462742422,255,0.10829,0.040153,0.068137,53,45,0,0,12,1,5,5,2,5,0,0,0,5,11,0,1
21707,8e-06,2,0,114,0,125000.0003,254,0,57000000.0,0.0,0,0,0.008,0.0,0.0,0.0,0,0,0,0,0.0,0.0,0.0,57,0,0,0,14,2,14,14,14,14,0,0,0,14,14,0,1
7528,8e-06,2,0,200,0,125000.0003,254,0,100000000.0,0.0,0,0,0.008,0.0,0.0,0.0,0,0,0,0,0.0,0.0,0.0,100,0,0,0,4,2,3,3,3,4,0,0,0,18,4,0,1
9205,0.465986,10,12,816,6504,45.06573,62,252,12618.4043,102355.0,2,4,51.776222,36.351546,2571.400882,2880.680509,255,1931854029,2858077422,255,0.131472,0.044602,0.08687,82,542,1,2756,1,1,1,1,1,1,0,0,1,1,1,0,1
46838,1.1e-05,2,0,200,0,90909.0902,254,0,72727272.0,0.0,0,0,0.011,0.0,0.0,0.0,0,0,0,0,0.0,0.0,0.0,100,0,0,0,7,2,5,4,4,5,0,0,0,8,7,0,1
59514,1.826054,24,56,1272,53784,43.262686,62,252,5340.477539,231423.6094,6,26,79.393653,31.749399,4171.813966,2601.16266,255,2317165137,828534091,255,0.11945,0.069308,0.050142,53,960,0,0,1,1,8,1,1,1,0,0,0,1,1,0,1
56484,1.2e-05,2,0,114,0,83333.33039,254,0,38000000.0,0.0,0,0,0.012,0.0,0.0,0.0,0,0,0,0,0.0,0.0,0.0,57,0,0,0,18,2,6,6,3,6,0,0,0,8,18,0,1
53949,4e-06,2,0,200,0,142857.1409,254,0,114285712.0,0.0,0,0,0.007,0.0,0.0,0.0,0,0,0,0,0.0,0.0,0.0,100,0,0,0,15,2,6,6,6,6,0,0,0,11,15,0,1
58928,0.838599,10,8,804,1386,20.271905,62,252,6906.757324,11571.68066,2,2,93.177667,111.97543,5264.305204,225.122781,255,3022349850,3129878975,255,0.110188,0.054056,0.056132,80,173,0,0,2,1,1,1,1,1,0,0,0,2,1,0,1
54268,1.1e-05,2,0,200,0,90909.0902,254,0,72727272.0,0.0,0,0,0.011,0.0,0.0,0.0,0,0,0,0,0.0,0.0,0.0,100,0,0,0,16,2,4,4,4,4,0,0,0,11,16,0,1
53741,1.1e-05,2,0,114,0,90909.0902,254,0,41454544.0,0.0,0,0,0.011,0.0,0.0,0.0,0,0,0,0,0.0,0.0,0.0,57,0,0,0,11,2,7,7,3,7,0,0,0,8,11,0,1
17537,3e-06,2,0,114,0,333333.3215,254,0,152000000.0,0.0,0,0,0.003,0.0,0.0,0.0,0,0,0,0,0.0,0.0,0.0,57,0,0,0,46,2,32,32,14,46,0,0,0,32,46,0,1
65760,0.502813,12,8,1258,756,37.787409,254,252,18360.70313,10532.74316,3,2,45.620091,60.593285,2310.015862,76.291906,255,1570076995,37757984,255,0.103328,0.078659,0.024669,105,95,0,0,4,1,1,1,1,1,0,0,0,1,4,0,1
7232,8e-06,2,0,200,0,125000.0003,254,0,100000000.0,0.0,0,0,0.008,0.0,0.0,0.0,0,0,0,0,0.0,0.0,0.0,100,0,0,0,5,2,2,2,2,5,0,0,0,4,5,0,1
46243,0.060085,4,2,188,89,83.215447,254,60,18773.4043,5991.512207,0,0,20.028334,0.003,28.315855,0.0,0,0,0,0,0.0,0.0,0.0,47,45,0,0,1,3,2,1,1,2,0,0,0,2,1,0,1
64399,7e-06,2,0,114,0,142857.1409,254,0,65142856.0,0.0,0,0,0.007,0.0,0.0,0.0,0,0,0,0,0.0,0.0,0.0,57,0,0,0,7,2,6,6,3,6,0,0,0,6,7,0,1
11008,0.712023,26,20,13064,1778,63.200204,62,252,141141.5,18988.15039,10,8,28.48092,36.531316,1602.559118,44.589293,255,3381419051,76165735,255,0.049759,0.005635,0.044124,502,89,0,0,1,1,1,1,1,1,0,0,0,1,1,0,1
12467,3e-06,2,0,114,0,333333.3215,254,0,152000000.0,0.0,0,0,0.003,0.0,0.0,0.0,0,0,0,0,0.0,0.0,0.0,57,0,0,0,39,2,39,39,23,39,0,0,0,40,39,0,1
63141,48.402599,28,22,1548,1198,1.012342,254,252,246.763611,189.08075,16,11,1792.133149,2301.3865,285405.638,9990.325,255,2676961420,1170787094,255,0.141785,0.073468,0.068317,55,54,0,0,6,1,3,1,1,1,0,0,0,3,9,0,1
50602,0.84124,22,12,17352,682,39.227807,254,252,157519.8594,5953.116699,8,4,40.059048,68.983727,2869.591135,90.067195,255,3553180231,1626947874,255,0.125363,0.071306,0.054057,789,57,0,0,3,1,1,1,1,1,0,0,0,4,3,0,1
60193,1e-05,2,0,114,0,100000.0025,254,0,45600000.0,0.0,0,0,0.01,0.0,0.0,0.0,0,0,0,0,0.0,0.0,0.0,57,0,0,0,16,2,5,4,4,4,0,0,0,4,16,0,1
12511,6e-06,2,0,114,0,166666.6608,254,0,76000000.0,0.0,0,0,0.006,0.0,0.0,0.0,0,0,0,0,0.0,0.0,0.0,57,0,0,0,44,2,40,40,17,44,0,0,0,40,44,0,1
17041,9e-06,2,0,114,0,111111.1072,254,0,50666664.0,0.0,0,0,0.009,0.0,0.0,0.0,0,0,0,0,0.0,0.0,0.0,57,0,0,0,28,2,19,18,18,29,0,0,0,19,28,0,1
51859,8e-06,2,0,168,0,125000.0003,254,0,84000000.0,0.0,0,0,0.008,0.0,0.0,0.0,0,0,0,0,0.0,0.0,0.0,84,0,0,0,1,2,1,1,1,1,0,0,0,1,1,0,1
57810,0.408775,10,6,756,268,36.695003,254,252,13327.625,4383.82959,2,1,41.981444,65.671,2183.807961,98.12143,255,1965346517,2688535582,255,0.141891,0.080416,0.061475,76,45,0,0,6,1,2,2,1,2,0,0,0,2,6,0,1
3274,7e-06,2,0,200,0,142857.1409,254,0,114285712.0,0.0,0,0,0.007,0.0,0.0,0.0,0,0,0,0,0.0,0.0,0.0,100,0,0,0,9,2,4,4,4,9,0,0,0,13,9,0,1
53829,3e-06,2,0,200,0,100000.0025,254,0,80000000.0,0.0,0,0,0.01,0.0,0.0,0.0,0,0,0,0,0.0,0.0,0.0,100,0,0,0,10,2,1,1,1,1,0,0,0,1,10,0,1
56768,3e-06,2,0,200,0,333333.3215,254,0,266666656.0,0.0,0,0,0.003,0.0,0.0,0.0,0,0,0,0,0.0,0.0,0.0,100,0,0,0,14,2,4,4,4,4,0,0,0,7,13,0,1
49176,3e-06,2,0,200,0,90909.0902,254,0,72727272.0,0.0,0,0,0.011,0.0,0.0,0.0,0,0,0,0,0.0,0.0,0.0,100,0,0,0,21,2,4,4,4,4,0,0,0,5,16,0,1
23278,9e-06,2,0,114,0,111111.1072,254,0,50666664.0,0.0,0,0,0.009,0.0,0.0,0.0,0,0,0,0,0.0,0.0,0.0,57,0,0,0,29,2,17,17,17,29,0,0,0,17,29,0,1
5990,0.127695,4,4,1954,2170,54.818124,254,60,91843.85156,101993.0313,0,0,42.565,10.135667,60.182566,14.32127,0,0,0,0,0.0,0.0,0.0,489,543,0,0,2,0,2,2,2,2,0,0,0,2,2,0,1
8061,8e-06,2,0,200,0,125000.0003,254,0,100000000.0,0.0,0,0,0.008,0.0,0.0,0.0,0,0,0,0,0.0,0.0,0.0,100,0,0,0,8,2,6,6,6,8,0,0,0,23,8,0,1
51624,1e-05,2,0,114,0,100000.0025,254,0,45600000.0,0.0,0,0,0.01,0.0,0.0,0.0,0,0,0,0,0.0,0.0,0.0,57,0,0,0,10,2,7,7,3,7,0,0,0,7,10,0,1
21512,8e-06,2,0,114,0,125000.0003,254,0,57000000.0,0.0,0,0,0.008,0.0,0.0,0.0,0,0,0,0,0.0,0.0,0.0,57,0,0,0,32,2,13,13,13,32,0,0,0,14,32,0,1
3640,5e-06,2,0,200,0,200000.0051,254,0,160000000.0,0.0,0,0,0.005,0.0,0.0,0.0,0,0,0,0,0.0,0.0,0.0,100,0,0,0,5,2,2,1,1,5,0,0,0,1,5,0,1
44312,0.993381,12,12,762,682,23.153251,254,252,5629.259766,5041.368652,3,4,90.307365,81.685273,4713.67774,108.780555,255,2648972032,3549235680,255,0.13071,0.07673,0.05398,64,57,0,0,2,1,1,1,1,1,0,0,0,1,2,0,1
15046,5e-06,2,0,114,0,200000.0051,254,0,91200000.0,0.0,0,0,0.005,0.0,0.0,0.0,0,0,0,0,0.0,0.0,0.0,57,0,0,0,41,2,39,39,24,41,0,0,0,39,41,0,1
60093,1.1e-05,2,0,114,0,90909.0902,254,0,41454544.0,0.0,0,0,0.011,0.0,0.0,0.0,0,0,0,0,0.0,0.0,0.0,57,0,0,0,12,2,8,7,4,8,0,0,0,8,12,0,1
1142,1.169812,22,22,1194,1626,36.758044,62,252,7796.124512,10620.51074,7,9,55.705333,53.918284,3144.9073,3935.002336,255,1417812465,1464485548,255,0.02967,0.020992,0.008678,54,74,0,0,1,1,2,1,1,3,1,1,0,2,1,0,1
16277,1e-06,2,0,114,0,1000000.003,254,0,456000000.0,0.0,0,0,0.001,0.0,0.0,0.0,0,0,0,0,0.0,0.0,0.0,57,0,0,0,21,2,14,14,8,21,0,0,0,14,21,0,1
51370,1e-05,2,0,200,0,100000.0025,254,0,80000000.0,0.0,0,0,0.01,0.0,0.0,0.0,0,0,0,0,0.0,0.0,0.0,100,0,0,0,11,2,2,2,2,2,0,0,0,5,11,0,1
6118,5.156609,798,138,1071060,6770,181.320707,62,252,1659568.125,10427.00684,396,8,6.478152,37.590145,995.393406,69.471312,255,2363133152,982779130,255,0.052556,0.00603,0.046526,1342,49,0,0,1,1,1,1,1,1,0,0,0,1,1,0,1
19259,5e-06,2,0,114,0,200000.0051,254,0,91200000.0,0.0,0,0,0.005,0.0,0.0,0.0,0,0,0,0,0.0,0.0,0.0,57,0,0,0,43,2,43,43,18,43,0,0,0,43,43,0,1
19104,9e-06,2,0,114,0,111111.1072,254,0,50666664.0,0.0,0,0,0.009,0.0,0.0,0.0,0,0,0,0,0.0,0.0,0.0,57,0,0,0,37,2,5,5,5,37,0,0,0,5,37,0,1
19150,9e-06,2,0,114,0,111111.1072,254,0,50666664.0,0.0,0,0,0.009,0.0,0.0,0.0,0,0,0,0,0.0,0.0,0.0,57,0,0,0,45,2,24,24,11,45,0,0,0,24,45,0,1
6678,3e-06,2,0,200,0,333333.3215,254,0,266666656.0,0.0,0,0,0.003,0.0,0.0,0.0,0,0,0,0,0.0,0.0,0.0,100,0,0,0,5,2,2,2,2,5,0,0,0,2,5,0,1
45687,0.918989,20,20,3454,1628,42.43794,62,252,28570.52734,13466.97266,7,8,48.367843,46.022211,2301.341613,55.810047,255,3109477340,16670102,255,0.061038,0.01097,0.050068,173,81,0,0,1,1,1,1,1,1,0,0,0,1,1,0,1
20180,6e-06,2,0,114,0,166666.6608,254,0,76000000.0,0.0,0,0,0.006,0.0,0.0,0.0,0,0,0,0,0.0,0.0,0.0,57,0,0,0,10,2,10,10,10,10,0,0,0,10,10,0,1
21062,5e-06,2,0,114,0,200000.0051,254,0,91200000.0,0.0,0,0,0.005,0.0,0.0,0.0,0,0,0,0,0.0,0.0,0.0,57,0,0,0,43,2,43,43,25,43,0,0,0,43,43,0,1
59785,1e-05,2,0,114,0,100000.0025,254,0,45600000.0,0.0,0,0,0.01,0.0,0.0,0.0,0,0,0,0,0.0,0.0,0.0,57,0,0,0,13,2,4,4,4,4,0,0,0,4,13,0,1
4459,9e-06,2,0,200,0,111111.1072,254,0,88888888.0,0.0,0,0,0.009,0.0,0.0,0.0,0,0,0,0,0.0,0.0,0.0,100,0,0,0,6,2,3,3,3,6,0,0,0,11,6,0,1
57713,1.1e-05,2,0,114,0,90909.0902,254,0,41454544.0,0.0,0,0,0.011,0.0,0.0,0.0,0,0,0,0,0.0,0.0,0.0,57,0,0,0,17,2,3,3,3,3,0,0,0,3,17,0,1
58159,1.2e-05,2,0,424,0,83333.33039,254,0,141333328.0,0.0,0,0,0.012,0.0,0.0,0.0,0,0,0,0,0.0,0.0,0.0,212,0,0,0,8,2,2,2,1,2,0,0,0,2,6,0,1
6203,4e-06,2,0,1064,0,250000.0006,254,0,1064000000.0,0.0,0,0,0.004,0.0,0.0,0.0,0,0,0,0,0.0,0.0,0.0,532,0,0,0,28,2,14,14,1,28,0,0,0,14,28,0,1
541,0.2647,10,12,2652,9188,79.335098,254,252,72142.04688,254567.4375,2,4,29.411111,22.941636,1404.568151,1737.515013,255,1680976031,4196662150,255,0.06147,0.011537,0.049933,265,766,1,0,1,1,1,1,1,2,0,0,1,1,1,0,1
22202,9e-06,2,0,114,0,111111.1072,254,0,50666664.0,0.0,0,0,0.009,0.0,0.0,0.0,0,0,0,0,0.0,0.0,0.0,57,0,0,0,43,2,43,43,25,43,0,0,0,43,43,0,1
13572,3e-06,2,0,114,0,333333.3215,254,0,152000000.0,0.0,0,0,0.003,0.0,0.0,0.0,0,0,0,0,0.0,0.0,0.0,57,0,0,0,25,2,25,25,25,25,0,0,0,25,25,0,1
45806,1.977576,36,22,26628,1758,28.823165,62,252,104730.2344,6792.153809,15,8,56.474458,90.290336,3698.172087,113.974773,255,710593097,2401164114,255,0.160346,0.081476,0.07887,740,80,0,0,1,1,2,1,1,2,0,0,0,2,1,0,1
63283,6e-06,2,0,114,0,166666.6608,254,0,76000000.0,0.0,0,0,0.006,0.0,0.0,0.0,0,0,0,0,0.0,0.0,0.0,57,0,0,0,10,2,3,3,3,3,0,0,0,3,10,0,1
13677,9e-06,2,0,114,0,111111.1072,254,0,50666664.0,0.0,0,0,0.009,0.0,0.0,0.0,0,0,0,0,0.0,0.0,0.0,57,0,0,0,19,2,18,18,18,19,0,0,0,18,19,0,1
20471,5e-06,2,0,114,0,200000.0051,254,0,91200000.0,0.0,0,0,0.005,0.0,0.0,0.0,0,0,0,0,0.0,0.0,0.0,57,0,0,0,47,2,35,35,15,47,0,0,0,35,47,0,1
9610,0.246927,10,8,804,2390,68.84626,62,252,23456.32617,67777.11719,2,2,27.436333,33.625855,1345.729466,55.920992,255,3961168964,3258251843,255,0.06409,0.010874,0.053216,80,299,1,787,4,1,4,4,4,4,0,0,16,4,4,0,1
50173,1e-06,2,0,200,0,1000000.003,254,0,800000000.0,0.0,0,0,0.001,0.0,0.0,0.0,0,0,0,0,0.0,0.0,0.0,100,0,0,0,16,2,4,4,4,4,0,0,0,4,16,0,1
20320,9e-06,2,0,114,0,111111.1072,254,0,50666664.0,0.0,0,0,0.009,0.0,0.0,0.0,0,0,0,0,0.0,0.0,0.0,57,0,0,0,51,2,16,16,10,51,0,0,0,16,51,0,1
7923,8e-06,2,0,200,0,125000.0003,254,0,100000000.0,0.0,0,0,0.008,0.0,0.0,0.0,0,0,0,0,0.0,0.0,0.0,100,0,0,0,7,2,4,4,4,7,0,0,0,21,7,0,1
45511,0.515984,10,6,1578,268,29.070669,254,252,22031.69141,3472.97583,2,1,52.908111,83.952797,2772.176097,113.923516,255,1126982866,1486414658,255,0.134318,0.096209,0.038109,158,45,0,0,1,1,1,1,1,1,0,0,0,1,1,0,1
49912,1.009718,4,0,360,0,2.971127,254,0,2139.211182,0.0,0,0,336.572656,0.0,475.973594,0.0,0,0,0,0,0.0,0.0,0.0,90,0,0,0,3,2,2,2,2,2,0,0,0,2,2,0,1
43927,1.099546,10,6,1140,268,13.641995,254,252,7464.899414,1629.763672,2,1,117.705889,203.464406,6576.074488,331.588687,255,1883001404,1019260782,255,0.192752,0.082213,0.110539,114,45,1,0,1,1,1,1,1,1,0,0,1,2,1,0,1
6773,9e-06,2,0,200,0,111111.1072,254,0,88888888.0,0.0,0,0,0.009,0.0,0.0,0.0,0,0,0,0,0.0,0.0,0.0,100,0,0,0,6,2,2,2,2,6,0,0,0,10,6,0,1
12622,5e-06,2,0,114,0,200000.0051,254,0,91200000.0,0.0,0,0,0.005,0.0,0.0,0.0,0,0,0,0,0.0,0.0,0.0,57,0,0,0,39,2,37,37,24,39,0,0,0,37,39,0,1
6428,1.1e-05,2,0,1098,0,90909.0902,254,0,399272736.0,0.0,0,0,0.011,0.0,0.0,0.0,0,0,0,0,0.0,0.0,0.0,549,0,0,0,5,2,1,1,1,4,0,0,0,2,4,0,1
3329,3e-06,2,0,200,0,333333.3215,254,0,266666656.0,0.0,0,0,0.003,0.0,0.0,0.0,0,0,0,0,0.0,0.0,0.0,100,0,0,0,7,2,4,3,3,7,0,0,0,6,7,0,1
4451,2.385147,18,20,1014,6212,15.51267,62,252,3213.218994,19795.84375,6,8,140.302765,120.661894,8818.459249,8085.597848,255,1219558479,2085306279,255,0.152112,0.091895,0.060217,56,311,0,0,1,1,1,1,1,1,0,0,0,1,2,0,1
56642,3e-06,2,0,200,0,333333.3215,254,0,266666656.0,0.0,0,0,0.003,0.0,0.0,0.0,0,0,0,0,0.0,0.0,0.0,100,0,0,0,10,2,4,4,4,4,0,0,0,8,10,0,1
19914,5e-06,2,0,114,0,200000.0051,254,0,91200000.0,0.0,0,0,0.005,0.0,0.0,0.0,0,0,0,0,0.0,0.0,0.0,57,0,0,0,28,2,23,23,23,28,0,0,0,23,28,0,1
64665,0.702247,10,8,564,354,24.208006,254,252,5787.137207,3531.520752,2,1,76.366778,96.856,5453.937556,145.428203,255,1557886495,3669424027,255,0.084996,0.024244,0.060752,56,44,0,0,1,1,2,1,1,1,0,0,0,1,2,0,1
12090,3e-06,2,0,114,0,333333.3215,254,0,152000000.0,0.0,0,0,0.003,0.0,0.0,0.0,0,0,0,0,0.0,0.0,0.0,57,0,0,0,20,2,20,20,20,20,0,0,0,21,20,0,1
61149,1.2e-05,2,0,114,0,83333.33039,254,0,38000000.0,0.0,0,0,0.012,0.0,0.0,0.0,0,0,0,0,0.0,0.0,0.0,57,0,0,0,20,2,2,2,2,2,0,0,0,2,20,0,1
22131,2e-06,2,0,114,0,500000.0013,254,0,228000000.0,0.0,0,0,0.002,0.0,0.0,0.0,0,0,0,0,0.0,0.0,0.0,57,0,0,0,32,2,18,18,18,32,0,0,0,18,32,0,1
63693,2.549301,22,20,4236,1722,16.082841,62,252,12690.53809,5133.956543,8,8,121.395286,129.514789,7161.356472,185.974047,255,1292253703,2471527247,255,0.158457,0.087501,0.070956,193,86,0,0,1,1,3,1,1,1,0,0,0,1,5,0,1
20846,6e-06,2,0,114,0,166666.6608,254,0,76000000.0,0.0,0,0,0.006,0.0,0.0,0.0,0,0,0,0,0.0,0.0,0.0,57,0,0,0,43,2,25,25,25,43,0,0,0,28,43,0,1
56415,3e-06,2,0,200,0,333333.3215,254,0,266666656.0,0.0,0,0,0.003,0.0,0.0,0.0,0,0,0,0,0.0,0.0,0.0,100,0,0,0,14,2,4,4,4,4,0,0,0,7,13,0,1
62575,0.378073,12,10,2868,2988,55.544828,254,252,55629.46875,56920.22266,3,3,34.370271,39.522,1773.521497,58.809176,255,3945836258,3831659832,255,0.038989,0.021649,0.01734,239,299,0,0,2,1,1,1,1,1,0,0,0,2,1,0,1
62702,1.1e-05,2,0,114,0,90909.0902,254,0,41454544.0,0.0,0,0,0.011,0.0,0.0,0.0,0,0,0,0,0.0,0.0,0.0,57,0,0,0,16,2,5,4,3,5,0,0,0,5,16,0,1
598,8e-06,2,0,104,0,125000.0003,254,0,52000000.0,0.0,0,0,0.008,0.0,0.0,0.0,0,0,0,0,0.0,0.0,0.0,52,0,0,0,4,2,1,1,1,3,0,0,0,2,3,0,1
14944,5e-06,2,0,114,0,200000.0051,254,0,91200000.0,0.0,0,0,0.005,0.0,0.0,0.0,0,0,0,0,0.0,0.0,0.0,57,0,0,0,33,2,33,33,18,33,0,0,0,33,33,0,1
13358,3e-06,2,0,114,0,333333.3215,254,0,152000000.0,0.0,0,0,0.003,0.0,0.0,0.0,0,0,0,0,0.0,0.0,0.0,57,0,0,0,43,2,41,41,16,43,0,0,0,41,43,0,1
65262,4e-06,2,0,114,0,250000.0006,254,0,114000000.0,0.0,0,0,0.004,0.0,0.0,0.0,0,0,0,0,0.0,0.0,0.0,57,0,0,0,15,2,3,3,3,3,0,0,0,3,15,0,1
45089,1.806402,14,14,1870,3670,14.946839,62,252,7692.640137,15092.98633,4,4,138.954005,132.474531,7197.185327,235.868188,255,2913093353,1063962086,255,0.162688,0.083492,0.079196,134,262,1,173,1,1,1,1,1,1,0,0,1,3,1,0,1
53912,7e-06,2,0,114,0,142857.1409,254,0,65142856.0,0.0,0,0,0.007,0.0,0.0,0.0,0,0,0,0,0.0,0.0,0.0,57,0,0,0,7,2,3,3,3,3,0,0,0,3,7,0,1
3112,0.956601,10,8,564,354,17.771254,254,252,4248.375,2592.512451,2,1,103.826444,122.19957,6436.968367,178.302781,255,49123168,3918771737,255,0.153252,0.101193,0.052059,56,44,0,0,1,1,1,1,1,1,0,0,0,1,1,0,1
58263,1.560652,10,8,718,354,10.892883,254,252,3316.5625,1589.079468,2,1,170.105889,211.908422,10540.73863,439.494094,255,3432389034,778813253,255,0.178833,0.077289,0.101544,72,44,0,0,2,1,1,1,1,1,0,0,0,1,2,0,1
12310,1.917586,26,72,1224,72542,50.584434,62,252,4910.340332,298437.7188,7,34,76.70344,26.064423,3649.369919,2156.921766,255,2376342519,3221595008,255,0.159548,0.06668,0.092868,47,1008,0,0,1,1,3,1,1,4,0,0,0,3,1,0,1
15607,9e-06,2,0,114,0,111111.1072,254,0,50666664.0,0.0,0,0,0.009,0.0,0.0,0.0,0,0,0,0,0.0,0.0,0.0,57,0,0,0,51,2,28,28,13,51,0,0,0,28,51,0,1
9538,2.376988,16,8,11844,354,9.676111,254,252,37371.66797,1043.33728,6,1,158.465871,338.332719,17880.38657,683.8515,255,3867657538,4248581418,255,0.054854,0.007943,0.046911,740,44,1,0,1,1,1,1,1,1,0,0,1,1,1,0,1
19210,7e-06,2,0,114,0,142857.1409,254,0,65142856.0,0.0,0,0,0.007,0.0,0.0,0.0,0,0,0,0,0.0,0.0,0.0,57,0,0,0,46,2,42,42,18,46,0,0,0,42,46,0,1
49779,1e-05,2,0,104,0,100000.0025,254,0,41600000.0,0.0,0,0,0.01,0.0,0.0,0.0,0,0,0,0,0.0,0.0,0.0,52,0,0,0,12,2,5,2,2,4,0,0,0,4,12,0,1
60453,1.205047,10,8,564,354,14.107333,254,252,3372.482422,2058.010986,2,1,133.784889,157.760141,9543.621033,222.015781,255,1315249650,4267051970,255,0.157225,0.100719,0.056506,56,44,0,0,1,1,2,1,1,2,0,0,0,2,1,0,1
57725,3.7e-05,2,0,114,0,27027.02585,254,0,12324324.0,0.0,0,0,0.037,0.0,0.0,0.0,0,0,0,0,0.0,0.0,0.0,57,0,0,0,14,2,4,4,4,4,0,0,0,5,14,0,1
58402,0.267007,10,6,518,268,56.178304,254,252,13992.14258,6711.43457,2,1,27.205667,46.814801,1431.837076,70.729445,255,402968133,1280198960,255,0.102757,0.032926,0.069831,52,45,0,0,6,1,2,2,1,2,0,0,0,5,6,0,1
45061,0.988311,14,8,5158,718,21.248372,254,252,38773.21875,5091.514648,4,2,75.915151,129.132,3930.430558,165.502,255,315478188,1455038179,255,0.196975,0.084385,0.11259,368,90,0,0,8,1,1,2,1,1,0,0,0,2,3,0,1
890,1.350991,12,10,1326,824,15.544145,254,252,7200.640137,4393.811523,3,2,118.215635,138.376219,7491.89703,174.902391,255,3158242287,3409292863,255,0.193201,0.105597,0.087604,111,82,0,0,5,1,1,1,1,2,0,0,0,3,2,0,1
12602,9e-06,2,0,114,0,111111.1072,254,0,50666664.0,0.0,0,0,0.009,0.0,0.0,0.0,0,0,0,0,0.0,0.0,0.0,57,0,0,0,11,2,11,11,5,11,0,0,0,11,11,0,1
47683,1.1e-05,2,0,114,0,90909.0902,254,0,41454544.0,0.0,0,0,0.011,0.0,0.0,0.0,0,0,0,0,0.0,0.0,0.0,57,0,0,0,14,2,4,4,4,4,0,0,0,4,14,0,1
3958,3e-06,2,0,200,0,333333.3215,254,0,266666656.0,0.0,0,0,0.003,0.0,0.0,0.0,0,0,0,0,0.0,0.0,0.0,100,0,0,0,9,2,3,3,3,10,0,0,0,12,9,0,1
11159,47.991306,54,0,14688,0,1.104367,254,0,2403.101807,0.0,0,0,950.841875,0.0,1150.92525,0.0,0,0,0,0,0.0,0.0,0.0,272,0,0,0,1,6,1,1,1,1,0,0,0,1,1,0,1
63363,1e-05,2,0,114,0,100000.0025,254,0,45600000.0,0.0,0,0,0.01,0.0,0.0,0.0,0,0,0,0,0.0,0.0,0.0,57,0,0,0,13,2,4,4,4,4,0,0,0,5,13,0,1
4230,0.8728,10,8,564,354,19.477544,254,252,4656.278809,2841.429932,2,1,88.886556,116.566141,5960.368859,163.403156,255,2571738184,3409818437,255,0.117261,0.056827,0.060434,56,44,0,0,1,1,1,1,1,1,0,0,0,1,1,0,1
54476,1e-06,2,0,114,0,1000000.003,254,0,456000000.0,0.0,0,0,0.001,0.0,0.0,0.0,0,0,0,0,0.0,0.0,0.0,57,0,0,0,7,2,4,3,3,4,0,0,0,5,7,0,1
12218,3e-06,2,0,114,0,333333.3215,254,0,152000000.0,0.0,0,0,0.003,0.0,0.0,0.0,0,0,0,0,0.0,0.0,0.0,57,0,0,0,27,2,2,2,2,27,0,0,0,2,27,0,1
59488,1.1e-05,2,0,114,0,90909.0902,254,0,41454544.0,0.0,0,0,0.011,0.0,0.0,0.0,0,0,0,0,0.0,0.0,0.0,57,0,0,0,10,2,3,3,3,3,0,0,0,4,10,0,1
13089,9e-06,2,0,114,0,111111.1072,254,0,50666664.0,0.0,0,0,0.009,0.0,0.0,0.0,0,0,0,0,0.0,0.0,0.0,57,0,0,0,18,2,18,18,18,18,0,0,0,18,18,0,1
22179,9e-06,2,0,114,0,111111.1072,254,0,50666664.0,0.0,0,0,0.009,0.0,0.0,0.0,0,0,0,0,0.0,0.0,0.0,57,0,0,0,29,2,13,13,13,29,0,0,0,13,29,0,1
10230,0.92449,10,10,608,646,20.551872,254,252,4742.074219,5036.290527,1,4,7451.5429,7453.957,735893.1883,22081.702,255,2419238425,2996094669,255,0.190728,0.109768,0.08096,61,65,0,0,5,1,2,2,2,3,0,0,0,3,4,0,1
13841,3e-06,2,0,114,0,333333.3215,254,0,152000000.0,0.0,0,0,0.003,0.0,0.0,0.0,0,0,0,0,0.0,0.0,0.0,57,0,0,0,33,2,13,13,13,33,0,0,0,13,33,0,1
21788,3e-06,2,0,114,0,333333.3215,254,0,152000000.0,0.0,0,0,0.003,0.0,0.0,0.0,0,0,0,0,0.0,0.0,0.0,57,0,0,0,34,2,16,16,16,34,0,0,0,18,34,0,1
54354,4e-06,2,0,114,0,250000.0006,254,0,114000000.0,0.0,0,0,0.004,0.0,0.0,0.0,0,0,0,0,0.0,0.0,0.0,57,0,0,0,7,2,3,3,3,3,0,0,0,3,7,0,1
16033,1e-06,2,0,114,0,1000000.003,254,0,456000000.0,0.0,0,0,0.001,0.0,0.0,0.0,0,0,0,0,0.0,0.0,0.0,57,0,0,0,21,2,14,14,8,21,0,0,0,14,21,0,1
3978,3e-06,2,0,200,0,333333.3215,254,0,266666656.0,0.0,0,0,0.003,0.0,0.0,0.0,0,0,0,0,0.0,0.0,0.0,100,0,0,0,4,2,3,3,3,4,0,0,0,3,4,0,1
49169,3e-06,2,0,200,0,333333.3215,254,0,266666656.0,0.0,0,0,0.003,0.0,0.0,0.0,0,0,0,0,0.0,0.0,0.0,100,0,0,0,21,2,4,4,4,4,0,0,0,5,16,0,1
51691,4e-06,2,0,200,0,125000.0003,254,0,100000000.0,0.0,0,0,0.008,0.0,0.0,0.0,0,0,0,0,0.0,0.0,0.0,100,0,0,0,14,2,6,6,6,6,0,0,0,9,14,0,1
7550,1.365492,10,8,564,354,12.449725,254,252,2976.216553,1816.19519,2,1,148.774778,183.393141,9062.70739,290.057344,255,3890997548,1412292262,255,0.139839,0.081737,0.058102,56,44,0,0,1,1,1,1,1,1,0,0,0,3,1,0,1
47424,7.6e-05,1,0,60,0,0.0,0,0,0.0,0.0,0,0,0.0,0.0,0.0,0.0,0,0,0,0,0.0,0.0,0.0,60,0,0,0,9,2,6,6,6,6,0,0,0,6,8,0,1
21646,6e-06,2,0,114,0,166666.6608,254,0,76000000.0,0.0,0,0,0.006,0.0,0.0,0.0,0,0,0,0,0.0,0.0,0.0,57,0,0,0,41,2,25,25,25,41,0,0,0,26,41,0,1
7760,9e-06,2,0,200,0,111111.1072,254,0,88888888.0,0.0,0,0,0.009,0.0,0.0,0.0,0,0,0,0,0.0,0.0,0.0,100,0,0,0,6,2,1,1,1,6,0,0,0,6,6,0,1
45450,1.446978,92,18,113608,784,75.329412,254,252,621289.375,4096.814453,43,1,15.676098,78.930414,1692.687459,123.030945,255,3253053421,3324569732,255,0.205958,0.105151,0.100807,1235,44,0,0,1,1,1,1,1,1,0,0,0,2,1,0,1
64154,9e-06,2,0,1718,0,111111.1072,254,0,763555520.0,0.0,0,0,0.009,0.0,0.0,0.0,0,0,0,0,0.0,0.0,0.0,859,0,0,0,10,2,1,1,1,1,0,0,0,1,6,0,1
61991,1.1e-05,2,0,114,0,90909.0902,254,0,41454544.0,0.0,0,0,0.011,0.0,0.0,0.0,0,0,0,0,0.0,0.0,0.0,57,0,0,0,13,2,4,4,4,4,0,0,0,4,13,0,1
46712,1e-05,2,0,304,0,100000.0025,254,0,121600000.0,0.0,0,0,0.01,0.0,0.0,0.0,0,0,0,0,0.0,0.0,0.0,152,0,0,0,2,2,2,1,1,2,0,0,0,2,2,0,1
19705,3e-06,2,0,114,0,333333.3215,254,0,152000000.0,0.0,0,0,0.003,0.0,0.0,0.0,0,0,0,0,0.0,0.0,0.0,57,0,0,0,47,2,43,43,18,47,0,0,0,43,47,0,1
13541,8e-06,2,0,114,0,125000.0003,254,0,57000000.0,0.0,0,0,0.008,0.0,0.0,0.0,0,0,0,0,0.0,0.0,0.0,57,0,0,0,50,2,34,34,23,50,0,0,0,34,50,0,1
54327,0.635614,10,6,534,268,23.599229,254,252,6053.98877,2819.321289,2,1,64.421222,112.684602,3426.57506,178.329766,255,2816145276,3327286981,255,0.135774,0.072186,0.063588,53,45,0,0,9,1,3,3,3,3,0,0,0,3,7,0,1
7879,0.793245,12,8,2692,466,23.952246,254,252,24890.16602,4114.743652,3,2,69.609726,107.99257,3599.86965,165.360547,255,562057388,2095793853,255,0.13428,0.037289,0.096991,224,58,0,0,1,1,1,1,1,1,0,0,0,1,1,0,1
55923,5e-06,2,0,114,0,200000.0051,254,0,91200000.0,0.0,0,0,0.005,0.0,0.0,0.0,0,0,0,0,0.0,0.0,0.0,57,0,0,0,11,2,3,3,3,3,0,0,0,3,11,0,1
43721,2.814557,10,8,536,354,6.040027,254,252,1372.862549,881.133301,2,1,308.667556,389.547563,23923.32071,661.095312,255,3454894542,2962195002,255,0.16651,0.087721,0.078789,54,44,0,0,3,1,1,1,1,1,0,0,0,1,2,0,1
11662,0.704993,20,20,962,3002,55.319697,62,252,10371.73438,32363.44141,7,8,37.104894,35.584789,1886.236856,42.012953,255,243444291,3991275140,255,0.039691,0.028215,0.011476,48,150,0,0,1,1,1,1,1,1,0,0,0,1,1,0,1
63458,3e-06,2,0,114,0,333333.3215,254,0,152000000.0,0.0,0,0,0.003,0.0,0.0,0.0,0,0,0,0,0.0,0.0,0.0,57,0,0,0,8,2,3,3,3,3,0,0,0,3,8,0,1
49665,1.2e-05,2,0,114,0,83333.33039,254,0,38000000.0,0.0,0,0,0.012,0.0,0.0,0.0,0,0,0,0,0.0,0.0,0.0,57,0,0,0,10,2,4,4,4,4,0,0,0,4,10,0,1
19201,8e-06,2,0,114,0,125000.0003,254,0,57000000.0,0.0,0,0,0.008,0.0,0.0,0.0,0,0,0,0,0.0,0.0,0.0,57,0,0,0,34,2,27,27,14,34,0,0,0,27,34,0,1
16263,7e-06,2,0,114,0,142857.1409,254,0,65142856.0,0.0,0,0,0.007,0.0,0.0,0.0,0,0,0,0,0.0,0.0,0.0,57,0,0,0,29,2,29,29,19,29,0,0,0,29,29,0,1
9115,2e-06,2,0,168,0,500000.0013,254,0,336000000.0,0.0,0,0,0.002,0.0,0.0,0.0,0,0,0,0,0.0,0.0,0.0,84,0,0,0,5,2,1,1,1,2,0,0,0,2,3,0,1
4020,5e-06,2,0,200,0,200000.0051,254,0,160000000.0,0.0,0,0,0.005,0.0,0.0,0.0,0,0,0,0,0.0,0.0,0.0,100,0,0,0,7,2,2,2,2,7,0,0,0,10,7,0,1
46620,0.232336,10,12,826,7352,90.386337,62,252,25618.07031,232077.6875,2,4,25.815111,20.416,1232.158935,1587.267313,255,1030950111,764558152,255,0.050622,0.006038,0.044584,83,613,1,3180,2,1,1,1,1,1,0,0,1,1,1,0,1
56129,6e-06,2,0,168,0,166666.6608,254,0,112000000.0,0.0,0,0,0.006,0.0,0.0,0.0,0,0,0,0,0.0,0.0,0.0,84,0,0,0,15,2,1,1,1,1,0,0,0,7,1,0,1
47460,0.446627,10,6,2790,268,33.585073,254,252,44977.12891,4012.296631,2,1,49.003889,83.761602,3307.878399,102.897789,255,1597459494,2062266594,255,0.081015,0.027814,0.053201,279,45,1,0,1,1,1,1,1,1,0,0,1,1,1,0,1
20175,2e-06,2,0,114,0,500000.0013,254,0,228000000.0,0.0,0,0,0.002,0.0,0.0,0.0,0,0,0,0,0.0,0.0,0.0,57,0,0,0,25,2,17,17,10,25,0,0,0,17,25,0,1
52386,0.910799,10,8,564,354,18.66493,254,252,4462.016113,2722.883789,2,1,101.189333,118.19857,7444.716494,169.078016,255,4039560396,951052273,255,0.11471,0.083396,0.031314,56,44,0,0,2,1,4,2,1,1,0,0,0,2,1,0,1
62949,1.2e-05,2,0,114,0,83333.33039,254,0,38000000.0,0.0,0,0,0.012,0.0,0.0,0.0,0,0,0,0,0.0,0.0,0.0,57,0,0,0,7,2,3,3,3,3,0,0,0,3,7,0,1
11067,1.671854,10,8,2770,354,10.168352,254,252,11929.27148,1483.383057,2,1,178.285778,225.372719,10611.74649,387.18875,255,1744384785,259359566,255,0.171671,0.094242,0.077429,277,44,0,0,2,1,2,1,1,1,0,0,0,2,2,0,1
21447,9e-06,2,0,114,0,111111.1072,254,0,50666664.0,0.0,0,0,0.009,0.0,0.0,0.0,0,0,0,0,0.0,0.0,0.0,57,0,0,0,40,2,40,40,22,40,0,0,0,40,40,0,1
8384,0.384785,10,6,534,268,38.982809,254,252,10000.38965,4657.146484,2,1,42.654333,59.979398,2180.343261,97.954867,255,1352532984,1099321209,255,0.125009,0.08488,0.040129,53,45,0,0,4,1,2,2,1,4,0,0,0,2,4,0,1
14414,8e-06,2,0,114,0,125000.0003,254,0,57000000.0,0.0,0,0,0.008,0.0,0.0,0.0,0,0,0,0,0.0,0.0,0.0,57,0,0,0,43,2,43,43,25,43,0,0,0,43,43,0,1
15222,8e-06,2,0,114,0,125000.0003,254,0,57000000.0,0.0,0,0,0.008,0.0,0.0,0.0,0,0,0,0,0.0,0.0,0.0,57,0,0,0,19,2,15,15,15,19,0,0,0,15,19,0,1
11362,0.869098,32,104,1462,115360,155.333459,62,252,13043.4082,1051674.25,7,50,28.013613,8.275214,1528.006192,797.530366,255,3983546961,3709692093,255,0.030261,0.016742,0.013519,46,1109,0,0,1,1,1,1,1,1,0,0,0,1,1,0,1
4335,9e-06,2,0,174,0,111111.1072,254,0,77333328.0,0.0,0,0,0.009,0.0,0.0,0.0,0,0,0,0,0.0,0.0,0.0,87,0,0,0,1,2,1,1,1,1,0,0,0,1,1,0,1
10932,1.404911,32,22,13273,1756,37.724809,62,252,73223.14063,9549.359375,12,8,45.31971,65.881711,2987.075023,105.885266,255,2833294640,3435210757,255,0.074479,0.020612,0.053867,415,80,0,0,1,1,1,1,1,1,0,0,0,3,1,0,1
